Date,AH,CGH,KTPH,NTFGH,NUH(A),SGH,SKH,TTSH,WH,,,,,,,,,
"Sun, 01/01/23", 1.6 , 7.7 , 2.9 , 7.9 , 2.1 , 1.3 , 3.0 , 3.8 ,,,,,,,,,,
"Mon, 02/01/23", 2.0 , 12.7 , 12.2 , 4.2 , 2.5 , 2.5 , 2.7 , 4.4 ,,,,,,,,,,
"Tue, 03/01/23", 2.1 , 16.0 , 12.9 , 22.8 , 4.0 , 9.3 , 5.0 , 4.9 ,,,,,,,,,,
"Wed, 04/01/23", 2.5 , 16.3 , 21.4 , 14.7 , 8.2 , 11.6 , 10.3 , 6.9 ,,,,,,,,,,
"Thu, 05/01/23", 2.4 , 21.5 , 20.7 , 18.0 , 5.2 , 11.7 , 7.9 , 5.0 ,,,,,,,,,,
"Fri, 06/01/23", 2.8 , 18.3 , 20.0 , 8.2 , 6.4 , 6.8 , 4.8 , 4.9 ,,,,,,,,,,
"Sat, 07/01/23", 1.3 , 11.5 , 6.8 , 2.4 , 3.7 , 1.7 , 7.7 , 5.1 ,,,,,,,,,,
"Sun, 08/01/23", 1.2 , 5.4 , 2.8 , 2.6 , 6.1 , 1.7 , 5.0 , 4.8 ,,,,,,,,,,
"Mon, 09/01/23", 3.3 , 11.1 , 17.9 , 6.7 , 5.4 , 7.6 , 13.9 , 5.4 ,,,,,,,,,,
"Tue, 10/01/23", 9.0 , 17.8 , 6.2 , 9.7 , 5.3 , 6.6 , 15.0 , 6.7 ,,,,,,,,,,
"Wed, 11/01/23", 2.2 , 18.3 , 6.7 , 12.0 , 4.8 , 6.1 , 16.3 , 6.8 ,,,,,,,,,,
"Thu, 12/01/23", 2.4 , 14.0 , 11.4 , 9.5 , 5.4 , 3.1 , 5.6 , 4.6 ,,,,,,,,,,
"Fri, 13/01/23", 1.4 , 7.9 , 3.5 , 5.5 , 3.8 , 2.0 , 8.3 , 5.2 ,,,,,,,,,,
"Sat, 14/01/23", 1.2 , 3.6 , 4.8 , 2.5 , 2.3 , 0.8 , 5.2 , 4.1 ,,,,,,,,,,
"Sun, 15/01/23", 1.4 , 10.2 , 16.4 , 4.0 , 1.8 , 0.8 , 5.1 , 3.9 ,,,,,,,,,,
"Mon, 16/01/23", 2.7 , 12.6 , 17.7 , 6.5 , 2.8 , 1.5 , 5.5 , 5.2 ,,,,,,,,,,
"Tue, 17/01/23", 1.5 , 8.5 , 4.4 , 8.5 , 3.8 , 1.4 , 3.7 , 4.8 ,,,,,,,,,,
"Wed, 18/01/23", 1.0 , 4.5 , 7.1 , 9.2 , 2.5 , 1.2 , 3.0 , 3.6 ,,,,,,,,,,
"Thu, 19/01/23", 1.3 , 3.0 , 2.2 , 3.1 , 2.1 , 1.1 , 2.6 , 3.8 ,,,,,,,,,,
"Fri, 20/01/23", 1.6 , 1.8 , 1.3 , 2.0 , 2.1 , 0.8 , 1.8 , 3.7 ,,,,,,,,,,
"Sat, 21/01/23", 1.3 , 1.0 , 0.8 , 1.7 , 1.9 , 0.9 , 1.7 , 3.1 ,,,,,,,,,,
"Sun, 22/01/23", 0.7 , 0.7 , 0.7 , 1.7 , 1.6 , 0.8 , 1.1 , 3.3 ,,,,,,,,,,
"Mon, 23/01/23", 0.9 , 1.7 , 0.7 , 1.5 , 1.7 , 0.9 , 1.7 , 3.0 ,,,,,,,,,,
"Tue, 24/01/23", 1.1 , 2.3 , 0.8 , 3.0 , 1.8 , 1.1 , 1.4 , 4.3 ,,,,,,,,,,
"Wed, 25/01/23", 1.1 , 5.4 , 1.2 , 5.3 , 3.2 , 1.0 , 2.8 , 4.9 ,,,,,,,,,,
"Thu, 26/01/23", 1.4 , 6.2 , 3.5 , 5.3 , 3.1 , 1.4 , 3.5 , 4.3 ,,,,,,,,,,
"Fri, 27/01/23", 1.7 , 6.5 , 3.4 , 3.0 , 2.8 , 1.9 , 4.3 , 5.6 ,,,,,,,,,,
"Sat, 28/01/23", 1.7 , 4.7 , 1.2 , 5.9 , 2.1 , 1.0 , 2.7 , 4.6 ,,,,,,,,,,
"Sun, 29/01/23", 1.8 , 3.1 , 0.7 , 5.9 , 2.3 , 0.9 , 2.5 , 3.8 ,,,,,,,,,,
"Mon, 30/01/23", 1.7 , 14.9 , 3.1 , 15.6 , 6.1 , 3.3 , 6.0 , 4.7 ,,,,,,,,,,
"Tue, 31/01/23", 1.1 , 19.1 , 4.5 , 22.1 , 4.1 , 3.3 , 13.4 , 5.1 ,,,,,,,,,,
"Wed, 01/02/23", 1.8 , 14.9 , 6.7 , 24.3 , 4.1 , 5.5 , 14.8 , 5.2 ,,,,,,,,,,
"Thu, 02/02/23", 2.6 , 15.8 , 21.7 , 21.5 , 3.3 , 9.5 , 13.6 , 5.0 ,,,,,,,,,,
"Fri, 03/02/23", 2.6 , 15.8 , 7.6 , 16.2 , 5.2 , 7.4 , 10.6 , 5.7 ,,,,,,,,,,
"Sat, 04/02/23", 1.8 , 12.3 , 9.4 , 6.2 , 4.0 , 4.6 , 8.0 , 4.8 ,,,,,,,,,,
"Sun, 05/02/23", 2.0 , 9.2 , 15.1 , 9.3 , 3.2 , 3.4 , 7.3 , 4.0 ,,,,,,,,,,
"Mon, 06/02/23", 1.4 , 19.3 , 27.5 , 15.5 , 5.3 , 7.5 , 17.6 , 7.2 ,,,,,,,,,,
"Tue, 07/02/23", 8.9 , 12.2 , 17.8 , 25.8 , 7.7 , 8.7 , 18.9 , 8.6 ,,,,,,,,,,
"Wed, 08/02/23", 3.4 , 18.9 , 26.2 , 15.2 , 5.8 , 11.1 , 17.0 , 6.5 ,,,,,,,,,,
"Thu, 09/02/23", 3.7 , 11.6 , 24.5 , 15.2 , 4.8 , 8.2 , 16.3 , 7.0 ,,,,,,,,,,
"Fri, 10/02/23", 10.0 , 21.5 , 23.9 , 19.4 , 5.8 , 9.5 , 18.0 , 5.9 ,,,,,,,,,,
"Sat, 11/02/23", 4.0 , 14.0 , 19.3 , 8.1 , 3.0 , 3.7 , 15.9 , 3.6 ,,,,,,,,,,
"Sun, 12/02/23", 5.9 , 9.6 , 24.6 , 10.9 , 3.8 , 3.7 , 4.0 , 4.9 ,,,,,,,,,,
"Mon, 13/02/23", 6.7 , 18.2 , 30.5 , 26.3 , 5.1 , 8.2 , 8.2 , 6.3 ,,,,,,,,,,
"Tue, 14/02/23", 5.2 , 16.5 , 14.0 , 19.3 , 7.2 , 11.7 , 17.9 , 8.3 ,,,,,,,,,,
"Wed, 15/02/23", 2.8 , 20.3 , 25.6 , 18.5 , 7.5 , 7.1 , 17.1 , 7.3 ,,,,,,,,,,
"Thu, 16/02/23", 4.1 , 24.6 , 27.7 , 15.0 , 5.4 , 7.8 , 14.1 , 5.6 ,,,,,,,,,,
"Fri, 17/02/23", 4.0 , 18.8 , 20.1 , 9.4 , 7.8 , 4.6 , 19.1 , 5.5 ,,,,,,,,,,
"Sat, 18/02/23", 3.4 , 12.8 , 14.6 , 2.5 , 4.7 , 2.8 , 16.7 , 4.4 ,,,,,,,,,,
"Sun, 19/02/23", 2.5 , 15.9 , 2.5 , 2.2 , 3.0 , 2.3 , 12.0 , 4.8 ,,,,,,,,,,
"Mon, 20/02/23", 7.5 , 17.2 , 6.2 , 7.2 , 4.9 , 6.6 , 17.9 , 7.2 ,,,,,,,,,,
"Tue, 21/02/23", 4.6 , 21.1 , 8.0 , 20.5 , 10.1 , 12.2 , 14.2 , 6.3 ,,,,,,,,,,
"Wed, 22/02/23", 2.5 , 14.8 , 4.8 , 23.0 , 8.7 , 7.9 , 15.0 , 5.4 ,,,,,,,,,,
"Thu, 23/02/23", 2.2 , 21.5 , 4.7 , 19.2 , 9.7 , 7.6 , 9.2 , 4.9 ,,,,,,,,,,
"Fri, 24/02/23", 1.7 , 15.6 , 2.7 , 6.0 , 7.0 , 6.0 , 4.1 , 5.1 ,,,,,,,,,,
"Sat, 25/02/23", 1.5 , 19.1 , 2.3 , 4.2 , 4.3 , 2.3 , 3.1 , 5.0 ,,,,,,,,,,
"Sun, 26/02/23", 1.4 , 11.9 , 12.6 , 3.2 , 4.8 , 1.6 , 3.4 , 4.3 ,,,,,,,,,,
"Mon, 27/02/23", 2.1 , 19.2 , 14.3 , 8.0 , 7.0 , 5.1 , 7.7 , 6.2 ,,,,,,,,,,
"Tue, 28/02/23", 1.4 , 14.7 , 16.5 , 9.2 , 7.7 , 6.9 , 9.0 , 6.2 ,,,,,,,,,,
"Wed, 01/03/23", 3.0 , 18.4 , 19.4 , 7.4 , 7.2 , 6.3 , 11.7 , 5.8 ,,,,,,,,,,
"Thu, 02/03/23", 2.5 , 8.4 , 21.8 , 6.8 , 7.0 , 6.3 , 7.2 , 5.4 ,,,,,,,,,,
"Fri, 03/03/23", 1.5 , 6.1 , 16.9 , 3.2 , 7.9 , 3.4 , 6.9 , 4.9 ,,,,,,,,,,
"Sat, 04/03/23", 0.8 , 3.9 , 9.9 , 1.9 , 3.7 , 2.3 , 2.8 , 4.2 ,,,,,,,,,,
"Sun, 05/03/23", 1.6 , 3.5 , 9.7 , 2.8 , 3.1 , 2.2 , 1.8 , 3.6 ,,,,,,,,,,
"Mon, 06/03/23", 2.3 , 10.1 , 12.8 , 10.8 , 5.2 , 4.3 , 3.2 , 4.7 ,,,,,,,,,,
"Tue, 07/03/23", 3.1 , 14.0 , 20.5 , 19.4 , 7.7 , 4.7 , 7.2 , 5.4 ,,,,,,,,,,
"Wed, 08/03/23", 3.0 , 18.3 , 20.3 , 11.4 , 10.8 , 5.2 , 8.2 , 5.3 ,,,,,,,,,,
"Thu, 09/03/23", 2.7 , 10.8 , 24.5 , 8.3 , 8.8 , 4.0 , 5.3 , 5.1 ,,,,,,,,,,
"Fri, 10/03/23", 1.7 , 12.1 , 18.5 , 5.5 , 7.7 , 4.2 , 7.2 , 5.8 ,,,,,,,,,,
"Sat, 11/03/23", 2.8 , 7.2 , 20.6 , 3.1 , 4.8 , 4.3 , 4.7 , 4.0 ,,,,,,,,,,
"Sun, 12/03/23", 1.7 , 14.5 , 20.3 , 3.2 , 3.9 , 2.8 , 4.0 , 4.7 ,,,,,,,,,,
"Mon, 13/03/23", 2.8 , 29.1 , 42.1 , 8.5 , 7.5 , 7.8 , 7.9 , 9.1 ,,,,,,,,,,
"Tue, 14/03/23", 4.8 , 17.4 , 32.9 , 15.5 , 9.4 , 12.5 , 18.4 , 6.4 ,,,,,,,,,,
"Wed, 15/03/23", 2.3 , 18.5 , 26.9 , 7.9 , 11.2 , 4.6 , 20.3 , 6.7 ,,,,,,,,,,
"Thu, 16/03/23", 1.8 , 17.6 , 22.3 , 4.1 , 14.5 , 4.7 , 14.3 , 6.3 ,,,,,,,,,,
"Fri, 17/03/23", 1.0 , 16.8 , 25.3 , 4.0 , 10.7 , 5.6 , 9.6 , 4.8 ,,,,,,,,,,
"Sat, 18/03/23", 1.4 , 13.6 , 20.3 , 1.9 , 8.3 , 3.0 , 7.7 , 4.1 ,,,,,,,,,,
"Sun, 19/03/23", 1.5 , 7.7 , 15.3 , 2.4 , 7.1 , 2.5 , 3.0 , 4.6 ,,,,,,,,,,
"Mon, 20/03/23", 1.7 , 20.0 , 24.2 , 6.7 , 11.1 , 7.8 , 15.7 , 5.7 ,,,,,,,,,,
"Tue, 21/03/23", 1.8 , 17.1 , 34.5 , 10.7 , 11.6 , 8.1 , 18.1 , 5.7 ,,,,,,,,,,
"Wed, 22/03/23", 2.3 , 17.3 , 32.3 , 8.7 , 6.2 , 8.8 , 20.0 , 4.9 ,,,,,,,,,,
"Thu, 23/03/23", 2.0 , 15.9 , 26.1 , 4.7 , 4.9 , 8.0 , 22.0 , 5.3 ,,,,,,,,,,
"Fri, 24/03/23", 1.4 , 14.8 , 25.2 , 3.7 , 4.4 , 7.7 , 17.5 , 5.6 ,,,,,,,,,,
"Sat, 25/03/23", 1.8 , 11.9 , 21.5 , 2.2 , 4.2 , 3.4 , 7.2 , 5.1 ,,,,,,,,,,
"Sun, 26/03/23", 2.6 , 15.5 , 29.6 , 5.0 , 3.6 , 2.2 , 11.3 , 5.2 ,,,,,,,,,,
"Mon, 27/03/23", 3.1 , 12.9 , 40.0 , 14.2 , 8.4 , 5.7 , 4.8 , 9.8 ,,,,,,,,,,
"Tue, 28/03/23", 2.0 , 18.8 , 31.7 , 12.7 , 9.3 , 6.4 , 20.7 , 8.9 ,,,,,,,,,,
"Wed, 29/03/23", 2.7 , 20.5 , 28.9 , 9.7 , 7.7 , 3.1 , 16.3 , 7.3 ,,,,,,,,,,
"Thu, 30/03/23", 1.6 , 19.7 , 29.5 , 9.2 , 4.0 , 2.7 , 14.1 , 7.2 ,,,,,,,,,,
"Fri, 31/03/23", 1.7 , 9.5 , 27.3 , 7.1 , 5.2 , 2.6 , 8.2 , 5.8 ,,,,,,,,,,
"Sat, 01/04/23", 1.3 , 6.8 , 26.4 , 3.0 , 3.8 , 2.8 , 6.0 , 4.8 ,,,,,,,,,,
"Sun, 02/04/23", 3.8 , 10.8 , 31.3 , 3.1 , 2.7 , 2.0 , 7.9 , 5.0 ,,,,,,,,,,
"Mon, 03/04/23", 3.0 , 19.8 , 22.9 , 13.5 , 4.8 , 3.8 , 14.8 , 8.7 ,,,,,,,,,,
"Tue, 04/04/23", 3.5 , 19.1 , 28.6 , 14.1 , 4.8 , 5.6 , 13.1 , 8.9 ,,,,,,,,,,
"Wed, 05/04/23", 1.8 , 14.6 , 20.9 , 7.2 , 4.0 , 4.6 , 24.7 , 5.9 ,,,,,,,,,,
"Thu, 06/04/23", 1.4 , 14.2 , 18.4 , 12.1 , 3.5 , 4.9 , 16.2 , 5.8 ,,,,,,,,,,
"Fri, 07/04/23", 1.8 , 7.6 , 15.7 , 11.0 , 3.5 , 2.9 , 18.3 , 4.5 ,,,,,,,,,,
"Sat, 08/04/23", 1.1 , 2.6 , 6.4 , 6.3 , 3.1 , 5.0 , 6.4 , 5.0 ,,,,,,,,,,
"Sun, 09/04/23", 3.0 , 6.3 , 4.4 , 16.8 , 3.0 , 3.3 , 18.5 , 5.6 ,,,,,,,,,,
"Mon, 10/04/23", 3.0 , 15.9 , 29.0 , 25.5 , 7.5 , 8.1 , 26.5 , 9.5 ,,,,,,,,,,
"Tue, 11/04/23", 3.0 , 16.0 , 22.1 , 19.9 , 11.1 , 8.5 , 26.9 , 10.4 ,,,,,,,,,,
"Wed, 12/04/23", 3.0 , 17.9 , 23.1 , 17.1 , 14.9 , 6.6 , 21.8 , 5.4 ,,,,,,,,,,
"Thu, 13/04/23", 3.0 , 17.2 , 22.2 , 12.5 , 7.7 , 4.2 , 16.4 , 5.2 ,,,,,,,,,,
"Fri, 14/04/23", 3.0 , 15.4 , 26.2 , 9.1 , 4.3 , 3.8 , 13.0 , 6.6 ,,,,,,,,,,
"Sat, 15/04/23", 3.0 , 10.7 , 9.9 , 6.0 , 3.4 , 3.7 , 6.7 , 5.2 ,,,,,,,,,,
"Sun, 16/04/23", 1.7 , 11.2 , 13.0 , 11.2 , 4.4 , 2.8 , 8.8 , 4.1 ,,,,,,,,,,
"Mon, 17/04/23", 3.2 , 24.5 , 26.3 , 24.7 , 9.5 , 7.3 , 9.8 , 6.8 ,,,,,,,,,,
"Tue, 18/04/23", 2.9 , 18.0 , 23.2 , 28.0 , 7.8 , 5.1 , 10.9 , 10.8 ,,,,,,,,,,
"Wed, 19/04/23", 2.7 , 16.8 , 20.9 , 18.7 , 8.1 , 2.9 , 10.2 , 8.0 ,,,,,,,,,,
"Thu, 20/04/23", 1.8 , 16.9 , 18.3 , 22.1 , 9.1 , 2.9 , 11.7 , 6.7 ,,,,,,,,,,
"Fri, 21/04/23", 1.6 , 5.7 , 17.4 , 8.0 , 4.9 , 1.5 , 7.7 , 4.7 ,,,,,,,,,,
"Sat, 22/04/23", 1.6 , 2.5 , 8.7 , 4.3 , 3.0 , 1.2 , 5.2 , 4.6 ,,,,,,,,,,
"Sun, 23/04/23", 2.1 , 5.9 , 2.4 , 4.7 , 2.4 , 1.6 , 5.9 , 5.6 ,,,,,,,,,,
"Mon, 24/04/23", 2.5 , 9.9 , 8.8 , 10.8 , 5.5 , 2.0 , 8.4 , 6.7 ,,,,,,,,,,
"Tue, 25/04/23", 6.5 , 15.1 , 16.6 , 22.9 , 7.4 , 2.9 , 9.0 , 9.0 ,,,,,,,,,,
"Wed, 26/04/23", 2.2 , 13.6 , 20.6 , 26.2 , 5.9 , 4.0 , 7.9 , 7.2 ,,,,,,,,,,
"Thu, 27/04/23", 2.5 , 22.6 , 20.1 , 22.6 , 9.3 , 2.6 , 8.4 , 6.1 ,,,,,,,,,,
"Fri, 28/04/23", 3.0 , 19.3 , 19.1 , 12.2 , 5.7 , 1.8 , 8.1 , 8.0 ,,,,,,,,,,
"Sat, 29/04/23", 1.8 , 15.2 , 12.0 , 12.1 , 4.2 , 2.3 , 7.8 , 4.1 ,,,,,,,,,,
"Sun, 30/04/23", 7.2 , 30.7 , 13.2 , 16.3 , 4.2 , 1.6 , 4.9 , 4.4 ,,,,,,,,,,
"Mon, 01/05/23", 1.8 , 18.1 , 8.4 , 21.3 , 4.6 , 2.1 , 6.4 , 6.1 ,,,,,,,,,,
"Tue, 02/05/23", 1.5 , 27.3 , 20.6 , 25.5 , 8.7 , 6.6 , 7.3 , 8.6 ,,,,,,,,,,
"Wed, 03/05/23", 2.1 , 22.1 , 21.8 , 23.4 , 9.3 , 8.4 , 14.5 , 13.2 ,,,,,,,,,,
"Thu, 04/05/23", 5.5 , 16.4 , 22.3 , 24.8 , 8.2 , 5.0 , 12.4 , 9.8 ,,,,,,,,,,
"Fri, 05/05/23", 2.0 , 19.6 , 18.1 , 21.1 , 9.8 , 3.6 , 15.5 , 7.6 ,,,,,,,,,,
"Sat, 06/05/23", 2.0 , 20.1 , 16.9 , 18.8 , 3.3 , 1.9 , 11.6 , 5.8 ,,,,,,,,,,
"Sun, 07/05/23", 1.8 , 14.9 , 10.0 , 23.5 , 2.6 , 1.2 , 3.5 , 8.2 ,,,,,,,,,,
"Mon, 08/05/23", 2.2 , 25.1 , 12.5 , 38.0 , 7.0 , 3.4 , 9.8 , 8.5 ,,,,,,,,,,
"Tue, 09/05/23", 1.3 , 18.3 , 27.1 , 31.0 , 11.0 , 6.4 , 7.3 , 8.2 ,,,,,,,,,,
"Wed, 10/05/23", 1.9 , 26.4 , 20.6 , 27.1 , 10.0 , 5.0 , 8.7 , 8.3 ,,,,,,,,,,
"Thu, 11/05/23", 1.4 , 19.5 , 17.4 , 20.5 , 8.9 , 6.1 , 13.9 , 7.6 ,,,,,,,,,,
"Fri, 12/05/23", 2.5 , 17.8 , 19.8 , 11.1 , 7.4 , 3.5 , 13.6 , 7.0 ,,,,,,,,,,
"Sat, 13/05/23", 2.5 , 6.4 , 13.7 , 19.7 , 3.3 , 2.3 , 8.2 , 8.0 ,,,,,,,,,,
"Sun, 14/05/23", 1.2 , 11.7 , 5.3 , 6.9 , 3.7 , 2.8 , 5.8 , 7.5 ,,,,,,,,,,
"Mon, 15/05/23", 2.0 , 20.4 , 20.6 , 27.6 , 6.8 , 7.9 , 8.9 , 8.0 ,,,,,,,,,,
"Tue, 16/05/23", 3.0 , 24.2 , 23.1 , 14.0 , 8.6 , 5.9 , 22.6 , 10.2 ,,,,,,,,,,
"Wed, 17/05/23", 2.5 , 18.7 , 14.9 , 22.1 , 9.9 , 5.1 , 24.0 , 9.3 ,,,,,,,,,,
"Thu, 18/05/23", 2.1 , 18.9 , 14.0 , 14.0 , 9.7 , 3.9 , 19.1 , 7.4 ,,,,,,,,,,
"Fri, 19/05/23", 2.4 , 17.9 , 17.2 , 12.8 , 8.7 , 3.8 , 6.1 , 5.6 ,,,,,,,,,,
"Sat, 20/05/23", 4.2 , 4.2 , 4.0 , 4.7 , 8.5 , 1.7 , 7.8 , 4.2 ,,,,,,,,,,
"Sun, 21/05/23", 3.4 , 6.5 , 6.3 , 5.0 , 12.1 , 1.9 , 2.7 , 4.0 ,,,,,,,,,,
"Mon, 22/05/23", 4.1 , 9.6 , 3.3 , 18.7 , 10.1 , 4.0 , 10.4 , 5.7 ,,,,,,,,,,
"Tue, 23/05/23", 7.1 , 11.6 , 3.9 , 18.2 , 13.9 , 6.8 , 10.8 , 6.8 ,,,,,,,,,,
"Wed, 24/05/23", 2.1 , 6.2 , 3.0 , 17.9 , 15.9 , 4.7 , 8.6 , 6.1 ,,,,,,,,,,
"Thu, 25/05/23", 1.5 , 5.7 , 10.1 , 14.8 , 13.2 , 5.7 , 13.5 , 4.9 ,,,,,,,,,,
"Fri, 26/05/23", 1.1 , 8.2 , 8.3 , 4.2 , 13.1 , 5.1 , 26.0 , 5.5 ,,,,,,,,,,
"Sat, 27/05/23", 2.4 , 5.7 , 6.0 , 4.2 , 8.9 , 4.7 , 22.7 , 5.2 ,,,,,,,,,,
"Sun, 28/05/23", 1.2 , 13.7 , 2.3 , 8.9 , 12.9 , 2.3 , 5.2 , 6.7 ,,,,,,,,,,
"Mon, 29/05/23", 2.0 , 14.6 , 4.7 , 21.2 , 12.7 , 4.7 , 6.1 , 6.4 ,,,,,,,,,,
"Tue, 30/05/23", 1.6 , 15.5 , 5.9 , 16.5 , 12.1 , 11.6 , 17.3 , 8.2 ,,,,,,,,,,
"Wed, 31/05/23", 2.0 , 5.9 , 6.0 , 16.8 , 11.6 , 13.3 , 25.8 , 6.5 ,,,,,,,,,,
"Thu, 01/06/23", 1.8 , 5.9 , 2.7 , 11.1 , 7.0 , 4.1 , 20.7 , 5.5 ,,,,,,,,,,
"Fri, 02/06/23", 3.5 , 4.5 , 4.0 , 2.7 , 2.5 , 2.1 , 18.7 , 4.1 ,,,,,,,,,,
"Sat, 03/06/23", 1.6 , 6.9 , 5.1 , 1.9 , 2.5 , 1.8 , 4.8 , 4.6 ,,,,,,,,,,
"Sun, 04/06/23", 1.3 , 11.0 , 5.0 , 3.0 , 3.1 , 2.3 , 3.5 , 6.5 ,,,,,,,,,,
"Mon, 05/06/23", 3.1 , 10.2 , 6.7 , 3.4 , 6.9 , 7.6 , 7.5 , 7.8 ,,,,,,,,,,
"Tue, 06/06/23", 3.2 , 16.0 , 5.9 , 4.7 , 7.2 , 8.7 , 9.3 , 8.1 ,,,,,,,,,,
"Wed, 07/06/23", 1.6 , 17.2 , 3.8 , 5.8 , 6.6 , 14.7 , 7.9 , 7.1 ,,,,,,,,,,
"Thu, 08/06/23", 1.0 , 13.5 , 6.0 , 2.9 , 6.4 , 13.7 , 10.6 , 5.9 ,,,,,,,,,,
"Fri, 09/06/23", 1.5 , 3.4 , 2.6 , 2.1 , 8.5 , 7.0 , 9.0 , 5.8 ,,,,,,,,,,
"Sat, 10/06/23", 1.0 , 2.2 , 3.9 , 2.3 , 5.0 , 4.3 , 3.8 , 6.1 ,,,,,,,,,,
"Sun, 11/06/23", 1.9 , 1.3 , 2.0 , 2.1 , 4.9 , 1.7 , 3.5 , 6.3 ,,,,,,,,,,
"Mon, 12/06/23", 1.7 , 13.3 , 13.6 , 3.5 , 8.6 , 4.5 , 8.8 , 8.2 ,,,,,,,,,,
"Tue, 13/06/23", 1.9 , 12.6 , 9.2 , 4.6 , 9.5 , 5.5 , 9.9 , 16.7 ,,,,,,,,,,
"Wed, 14/06/23", 1.4 , 18.6 , 6.8 , 3.7 , 11.3 , 6.2 , 7.9 , 8.8 ,,,,,,,,,,
"Thu, 15/06/23", 1.0 , 9.2 , 2.4 , 2.6 , 9.1 , 4.7 , 3.5 , 7.5 ,,,,,,,,,,
"Fri, 16/06/23", 2.4 , 4.2 , 2.1 , 2.3 , 9.0 , 3.0 , 4.6 , 6.0 ,,,,,,,,,,
"Sat, 17/06/23", 1.3 , 4.4 , 2.4 , 2.4 , 5.9 , 1.6 , 2.8 , 5.1 ,,,,,,,,,,
"Sun, 18/06/23", 1.4 , 7.9 , 2.4 , 3.0 , 11.6 , 1.5 , 2.4 , 5.5 ,,,,,,,,,,
"Mon, 19/06/23", 3.0 , 7.1 , 6.4 , 4.8 , 11.5 , 3.4 , 4.2 , 6.1 ,,,,,,,,,,
"Tue, 20/06/23", 2.1 , 9.4 , 6.2 , 4.9 , 11.5 , 8.2 , 4.9 , 8.4 ,,,,,,,,,,
"Wed, 21/06/23", 1.5 , 9.1 , 3.4 , 13.9 , 3.9 , 6.5 , 4.4 , 8.0 ,,,,,,,,,,
"Thu, 22/06/23", 1.4 , 5.9 , 4.0 , 8.8 , 6.6 , 6.8 , 3.5 , 7.9 ,,,,,,,,,,
"Fri, 23/06/23", 1.8 , 4.7 , 3.7 , 6.5 , 9.3 , 5.1 , 2.6 , 5.3 ,,,,,,,,,,
"Sat, 24/06/23", 1.8 , 2.9 , 3.6 , 2.9 , 8.4 , 2.8 , 2.1 , 4.5 ,,,,,,,,,,
"Sun, 25/06/23", 1.3 , 4.6 , 1.7 , 2.2 , 3.7 , 2.3 , 2.4 , 5.7 ,,,,,,,,,,
"Mon, 26/06/23", 1.9 , 18.6 , 3.6 , 5.7 , 4.7 , 6.0 , 4.2 , 6.7 ,,,,,,,,,,
"Tue, 27/06/23", 1.9 , 18.2 , 2.5 , 6.6 , 6.3 , 8.1 , 8.9 , 5.7 ,,,,,,,,,,
"Wed, 28/06/23", 1.6 , 9.2 , 5.6 , 4.5 , 5.8 , 7.0 , 6.7 , 7.0 ,,,,,,,,,,
"Thu, 29/06/23", 1.1 , 4.5 , 1.6 , 2.2 , 2.8 , 2.6 , 2.1 , 5.3 ,,,,,,,,,,
"Fri, 30/06/23", 2.2 , 4.5 , 1.2 , 3.4 , 4.5 , 2.6 , 2.2 , 4.8 ,,,,,,,,,,
"Sat, 01/07/23", 3.5 , 7.2 , 1.4 , 3.9 , 4.0 , 1.4 , 2.8 , 3.9 ,,,,,,,,,,
"Sun, 02/07/23", 2.2 , 12.0 , 1.9 , 8.2 , 2.6 , 1.1 , 5.5 , 3.7 ,,,,,,,,,,
"Mon, 03/07/23", 3.8 , 13.9 , 2.6 , 20.5 , 4.2 , 2.1 , 6.9 , 5.0 ,,,,,,,,,,
"Tue, 04/07/23", 2.1 , 10.8 , 5.2 , 25.9 , 11.3 , 4.3 , 13.4 , 5.4 ,,,,,,,,,,
"Wed, 05/07/23", 2.1 , 11.2 , 2.8 , 23.8 , 16.0 , 5.9 , 10.8 , 7.4 ,,,,,,,,,,
"Thu, 06/07/23", 1.7 , 16.4 , 2.3 , 16.1 , 8.8 , 4.5 , 16.7 , 7.5 ,,,,,,,,,,
"Fri, 07/07/23", 1.8 , 9.3 , 2.5 , 4.8 , 4.7 , 3.9 , 7.9 , 5.0 ,,,,,,,,,,
"Sat, 08/07/23", 1.4 , 4.8 , 1.8 , 4.2 , 6.7 , 1.5 , 4.7 , 5.3 ,,,,,,,,,,
"Sun, 09/07/23", 1.4 , 4.8 , 2.1 , 2.8 , 3.1 , 1.9 , 5.4 , 6.2 ,,,,,,,,,,
"Mon, 10/07/23", 1.3 , 7.6 , 2.7 , 6.8 , 4.2 , 3.3 , 18.8 , 7.7 ,,,,,,,,,,
"Tue, 11/07/23", 1.1 , 19.2 , 2.6 , 6.6 , 5.3 , 2.4 , 17.6 , 9.3 ,,,,,,,,,,
"Wed, 12/07/23", 2.4 , 17.3 , 2.7 , 4.0 , 6.2 , 2.5 , 7.8 , 6.1 ,,,,,,,,,,
"Thu, 13/07/23", 0.7 , 12.1 , 3.5 , 6.7 , 4.1 , 2.8 , 6.1 , 6.5 ,,,,,,,,,,
"Fri, 14/07/23", 0.9 , 13.7 , 2.0 , 9.3 , 5.5 , 2.1 , 5.8 , 4.4 ,,,,,,,,,,
"Sat, 15/07/23", 1.5 , 16.2 , 1.7 , 2.5 , 2.9 , 1.3 , 3.7 , 4.2 ,,,,,,,,,,
"Sun, 16/07/23", 1.4 , 3.5 , 1.7 , 6.9 , 2.4 , 1.8 , 2.6 , 4.7 ,,,,,,,,,,
"Mon, 17/07/23", 1.9 , 15.2 , 5.0 , 14.2 , 4.8 , 4.4 , 3.7 , 5.7 ,,,,,,,,,,
"Tue, 18/07/23", 1.5 , 17.2 , 6.2 , 15.6 , 9.5 , 6.9 , 6.6 , 8.0 ,,,,,,,,,,
"Wed, 19/07/23", 2.0 , 9.9 , 2.5 , 10.8 , 5.9 , 6.4 , 10.5 , 7.0 ,,,,,,,,,,
"Thu, 20/07/23", 1.5 , 12.2 , 1.8 , 9.4 , 4.7 , 6.8 , 4.9 , 6.8 ,,,,,,,,,,
"Fri, 21/07/23", 1.6 , 8.1 , 2.7 , 3.8 , 3.2 , 5.0 , 3.3 , 6.3 ,,,,,,,,,,
"Sat, 22/07/23", 1.6 , 3.3 , 2.5 , 2.1 , 2.6 , 3.1 , 2.6 , 4.2 ,,,,,,,,,,
"Sun, 23/07/23", 1.3 , 8.3 , 2.3 , 1.9 , 2.8 , 2.3 , 2.3 , 3.7 ,,,,,,,,,,
"Mon, 24/07/23", 2.2 , 21.0 , 3.3 , 4.7 , 5.4 , 6.3 , 5.2 , 5.7 ,,,,,,,,,,
"Tue, 25/07/23", 1.8 , 16.1 , 7.0 , 5.4 , 5.4 , 7.7 , 8.2 , 8.8 ,,,,,,,,,,
"Wed, 26/07/23", 1.8 , 13.4 , 4.1 , 6.1 , 7.0 , 8.0 , 13.5 , 7.0 ,,,,,,,,,,
"Thu, 27/07/23", 1.4 , 6.7 , 2.3 , 7.3 , 7.3 , 5.1 , 5.5 , 8.7 ,,,,,,,,,,
"Fri, 28/07/23", 1.2 , 6.7 , 2.9 , 12.0 , 10.2 , 6.0 , 6.8 , 10.1 ,,,,,,,,,,
"Sat, 29/07/23", 1.0 , 6.2 , 2.1 , 3.9 , 5.3 , 4.5 , 4.1 , 6.2 ,,,,,,,,,,
"Sun, 30/07/23", 1.2 , 3.4 , 1.0 , 9.6 , 4.1 , 4.0 , 5.5 , 5.7 ,,,,,,,,,,
"Mon, 31/07/23", 1.7 , 17.0 , 4.0 , 15.2 , 6.1 , 9.2 , 8.0 , 15.0 ,,,,,,,,,,
"Tue, 01/08/23", 1.9 , 16.9 , 8.6 , 20.0 , 12.9 , 14.2 , 12.3 , 17.3 ,,,,,,,,,,
"Wed, 02/08/23", 2.3 , 17.5 , 5.1 , 16.8 , 10.8 , 8.5 , 15.8 , 14.9 ,,,,,,,,,,
"Thu, 03/08/23", 5.0 , 9.9 , 7.8 , 9.4 , 6.2 , 12.9 , 12.7 , 12.0 ,,,,,,,,,,
"Fri, 04/08/23", 1.8 , 8.9 , 6.2 , 10.2 , 6.2 , 6.7 , 2.8 , 8.1 ,,,,,,,,,,
"Sat, 05/08/23", 0.5 , 2.9 , 2.7 , 4.7 , 2.7 , 2.0 , 1.8 , 6.0 ,,,,,,,,,,
"Sun, 06/08/23", 1.6 , 3.2 , 3.6 , 4.5 , 3.0 , 4.4 , 2.5 , 5.9 ,,,,,,,,,,
"Mon, 07/08/23", 1.2 , 15.3 , 3.3 , 11.3 , 5.5 , 4.4 , 4.7 , 9.9 ,,,,,,,,,,
"Tue, 08/08/23", 1.7 , 10.2 , 6.7 , 8.7 , 6.2 , 2.9 , 7.4 , 7.0 ,,,,,,,,,,
"Wed, 09/08/23", 1.3 , 16.6 , 4.8 , 5.5 , 5.1 , 1.0 , 3.1 , 4.2 ,,,,,,,,,,
"Thu, 10/08/23", 1.8 , 13.3 , 3.3 , 9.4 , 8.6 , 1.6 , 2.8 , 5.6 ,,,,,,,,,,
"Fri, 11/08/23", 1.8 , 6.4 , 5.9 , 15.0 , 6.2 , 2.3 , 6.1 , 5.9 ,,,,,,,,,,
"Sat, 12/08/23", 1.5 , 7.5 , 4.0 , 3.8 , 3.5 , 1.5 , 5.0 , 4.7 ,,,,,,,,,,
"Sun, 13/08/23", 0.9 , 14.2 , 5.7 , 4.0 , 3.4 , 1.3 , 5.3 , 4.4 ,,,,,,,,,,
"Mon, 14/08/23", 0.8 , 11.3 , 9.1 , 14.1 , 6.6 , 5.0 , 10.3 , 5.2 ,,,,,,,,,,
"Tue, 15/08/23", 1.3 , 8.1 , 10.3 , 11.5 , 9.1 , 6.3 , 10.9 , 5.2 ,,,,,,,,,,
"Wed, 16/08/23", 1.4 , 8.4 , 7.5 , 7.2 , 6.0 , 6.1 , 12.9 , 5.3 ,,,,,,,,,,
"Thu, 17/08/23", 1.8 , 12.8 , 5.3 , 6.6 , 5.3 , 4.1 , 6.5 , 4.8 ,,,,,,,,,,
"Fri, 18/08/23", 1.3 , 7.9 , 5.0 , 4.3 , 3.1 , 2.0 , 5.1 , 4.1 ,,,,,,,,,,
"Sat, 19/08/23", 1.2 , 3.0 , 5.6 , 4.3 , 2.4 , 1.8 , 2.2 , 4.2 ,,,,,,,,,,
"Sun, 20/08/23", 1.4 , 3.4 , 3.9 , 3.3 , 1.8 , 1.3 , 1.8 , 4.3 ,,,,,,,,,,
"Mon, 21/08/23", 1.3 , 7.5 , 6.1 , 9.0 , 3.2 , 2.4 , 2.1 , 5.3 ,,,,,,,,,,
"Tue, 22/08/23", 1.6 , 11.4 , 8.4 , 16.5 , 8.3 , 2.6 , 2.9 , 6.4 ,,,,,,,,,,
"Wed, 23/08/23", 1.8 , 12.0 , 8.9 , 7.6 , 6.5 , 3.0 , 2.2 , 4.6 ,,,,,,,,,,
"Thu, 24/08/23", 2.3 , 15.3 , 5.7 , 5.9 , 5.1 , 2.1 , 2.0 , 4.6 ,,,,,,,,,,
"Fri, 25/08/23", 1.5 , 9.5 , 3.2 , 3.3 , 3.3 , 3.5 , 2.5 , 5.0 ,,,,,,,,,,
"Sat, 26/08/23", 2.4 , 6.4 , 2.4 , 2.3 , 2.1 , 2.2 , 1.7 , 4.4 ,,,,,,,,,,
"Sun, 27/08/23", 0.9 , 5.0 , 1.4 , 3.0 , 2.0 , 1.4 , 1.8 , 3.3 ,,,,,,,,,,
"Mon, 28/08/23", 1.4 , 14.0 , 2.9 , 6.1 , 3.8 , 7.3 , 3.9 , 4.6 ,,,,,,,,,,
"Tue, 29/08/23", 1.0 , 10.3 , 9.5 , 8.6 , 5.6 , 7.3 , 4.8 , 7.9 ,,,,,,,,,,
"Wed, 30/08/23", 1.1 , 12.3 , 4.2 , 5.8 , 6.1 , 3.2 , 5.3 , 5.6 ,,,,,,,,,,
"Thu, 31/08/23", 0.8 , 12.7 , 4.1 , 3.3 , 4.9 , 2.2 , 5.2 , 5.7 ,,,,,,,,,,
"Fri, 01/09/23", 1.3 , 8.9 , 3.6 , 2.2 , 2.3 , 1.2 , 2.8 , 4.5 ,,,,,,,,,,
"Sat, 02/09/23", 1.5 , 7.0 , 2.1 , 2.4 , 2.2 , 1.9 , 3.1 , 4.7 ,,,,,,,,,,
"Sun, 03/09/23", 1.9 , 2.9 , 3.5 , 5.3 , 3.1 , 1.9 , 5.5 , 5.3 ,,,,,,,,,,
"Mon, 04/09/23", 1.3 , 17.4 , 6.9 , 11.4 , 3.6 , 7.8 , 13.1 , 8.1 ,,,,,,,,,,
"Tue, 05/09/23", 1.1 , 14.6 , 17.5 , 15.8 , 4.4 , 7.7 , 23.3 , 7.5 ,,,,,,,,,,
"Wed, 06/09/23", 0.9 , 15.8 , 21.0 , 14.6 , 4.8 , 13.7 , 19.1 , 8.6 ,,,,,,,,,,
"Thu, 07/09/23", 1.5 , 16.1 , 17.9 , 4.1 , 5.1 , 7.9 , 18.4 , 8.2 ,,,,,,,,,,
"Fri, 08/09/23", 1.3 , 11.7 , 11.5 , 3.2 , 5.4 , 4.3 , 11.4 , 7.6 ,,,,,,,,,,
"Sat, 09/09/23", 1.9 , 8.5 , 7.9 , 2.6 , 3.9 , 1.9 , 2.5 , 4.9 ,,,,,,,,,,
"Sun, 10/09/23", 2.2 , 8.4 , 8.5 , 2.7 , 5.7 , 1.9 , 2.7 , 4.6 ,,,,,,,,,,
"Mon, 11/09/23", 1.6 , 13.5 , 8.9 , 4.6 , 6.9 , 4.9 , 3.2 , 4.5 ,,,,,,,,,,
"Tue, 12/09/23", 1.7 , 12.8 , 17.9 , 3.6 , 9.5 , 6.4 , 7.2 , 6.0 ,,,,,,,,,,
"Wed, 13/09/23", 1.7 , 7.3 , 6.2 , 3.9 , 11.0 , 4.0 , 9.2 , 7.3 ,,,,,,,,,,
"Thu, 14/09/23", 1.6 , 13.0 , 6.1 , 4.2 , 8.6 , 5.4 , 5.2 , 5.8 ,,,,,,,,,,
"Fri, 15/09/23", 1.2 , 14.2 , 3.1 , 2.3 , 5.7 , 5.2 , 6.6 , 8.3 ,,,,,,,,,,
"Sat, 16/09/23", 1.1 , 15.3 , 2.0 , 2.0 , 5.9 , 2.0 , 6.4 , 6.5 ,,,,,,,,,,
"Sun, 17/09/23", 1.5 , 14.5 , 1.5 , 2.8 , 3.5 , 2.4 , 3.2 , 6.0 ,,,,,,,,,,
"Mon, 18/09/23", 1.3 , 11.3 , 4.8 , 6.0 , 4.6 , 4.1 , 6.5 , 11.7 ,,,,,,,,,,
"Tue, 19/09/23", 1.5 , 16.6 , 6.3 , 7.5 , 5.2 , 4.0 , 11.7 , 16.6 ,,,,,,,,,,
"Wed, 20/09/23", 2.6 , 9.2 , 5.0 , 5.6 , 6.3 , 3.4 , 15.7 , 14.3 ,,,,,,,,,,
"Thu, 21/09/23", 3.5 , 14.6 , 2.8 , 4.2 , 4.7 , 3.0 , 4.9 , 8.3 ,,,,,,,,,,
"Fri, 22/09/23", 1.3 , 3.2 , 3.7 , 2.4 , 4.1 , 1.5 , 2.1 , 5.1 ,,,,,,,,,,
"Sat, 23/09/23", 0.6 , 4.2 , 2.9 , 2.3 , 3.1 , 0.9 , 1.5 , 5.0 ,,,,,,,,,,
"Sun, 24/09/23", 1.4 , 4.9 , 2.0 , 2.4 , 2.8 , 1.6 , 1.5 , 5.0 ,,,,,,,,,,
"Mon, 25/09/23", 1.3 , 8.7 , 3.9 , 4.1 , 5.2 , 2.3 , 2.2 , 4.9 ,,,,,,,,,,
"Tue, 26/09/23", 0.8 , 10.2 , 4.7 , 6.6 , 8.7 , 3.4 , 2.1 , 8.2 ,,,,,,,,,,
"Wed, 27/09/23", 1.8 , 11.6 , 4.0 , 11.3 , 6.7 , 5.1 , 2.1 , 8.2 ,,,,,,,,,,
"Thu, 28/09/23", 1.5 , 11.6 , 2.6 , 8.0 , 8.6 , 3.7 , 3.2 , 8.5 ,,,,,,,,,,
"Fri, 29/09/23", 1.5 , 13.5 , 4.2 , 6.6 , 6.9 , 1.8 , 4.8 , 6.5 ,,,,,,,,,,
"Sat, 30/09/23", 1.0 , 10.6 , 2.8 , 2.6 , 3.5 , 1.8 , 4.4 , 5.7 ,,,,,,,,,,
"Sun, 01/10/23", 1.0 , 17.1 , 9.7 , 4.6 , 2.5 , 1.2 , 2.5 , 6.1 ,,,,,,,,,,
"Mon, 02/10/23", 2.1 , 18.7 , 17.8 , 7.4 , 5.0 , 3.6 , 3.4 , 8.7 ,,,,,,,,,,
"Tue, 03/10/23", 1.9 , 15.1 , 17.7 , 7.7 , 5.4 , 6.9 , 5.9 , 9.2 ,,,,,,,,,,
"Wed, 04/10/23", 1.2 , 17.1 , 14.6 , 10.8 , 4.1 , 9.7 , 5.3 , 12.3 ,,,,,,,,,,
"Thu, 05/10/23", 2.0 , 13.0 , 15.3 , 7.5 , 6.8 , 4.3 , 4.3 , 10.2 ,,,,,,,,,,
"Fri, 06/10/23", 1.3 , 8.5 , 5.9 , 4.1 , 6.1 , 2.5 , 4.2 , 5.6 ,,,,,,,,,,
"Sat, 07/10/23", 1.2 , 7.9 , 3.6 , 3.1 , 5.3 , 1.8 , 2.6 , 5.5 ,,,,,,,,,,
"Sun, 08/10/23", 1.8 , 7.0 , 3.6 , 3.0 , 3.2 , 1.5 , 2.9 , 8.2 ,,,,,,,,,,
"Mon, 09/10/23", 1.7 , 14.4 , 11.3 , 18.4 , 4.9 , 2.8 , 6.5 , 9.5 ,,,,,,,,,,
"Tue, 10/10/23", 1.9 , 15.3 , 10.9 , 10.3 , 7.6 , 6.1 , 9.0 , 11.5 ,,,,,,,,,,
"Wed, 11/10/23", 1.5 , 12.8 , 8.7 , 6.8 , 6.7 , 7.0 , 5.9 , 8.8 ,,,,,,,,,,
"Thu, 12/10/23", 1.5 , 13.3 , 6.3 , 6.1 , 6.3 , 9.2 , 3.1 , 9.1 ,,,,,,,,,,
"Fri, 13/10/23", 1.4 , 15.3 , 9.3 , 3.1 , 4.6 , 5.8 , 3.0 , 10.0 ,,,,,,,,,,
"Sat, 14/10/23", 1.0 , 9.3 , 6.6 , 2.6 , 2.9 , 2.6 , 2.2 , 5.7 ,,,,,,,,,,
"Sun, 15/10/23", 1.6 , 11.3 , 2.3 , 4.9 , 2.3 , 4.2 , 2.2 , 4.8 ,,,,,,,,,,
"Mon, 16/10/23", 1.9 , 12.0 , 5.5 , 9.2 , 2.9 , 12.3 , 7.7 , 8.8 ,,,,,,,,,,
"Tue, 17/10/23", 1.9 , 8.8 , 4.7 , 21.0 , 5.1 , 8.1 , 6.7 , 14.3 ,,,,,,,,,,
"Wed, 18/10/23", 1.9 , 8.5 , 6.2 , 16.7 , 5.2 , 5.2 , 7.3 , 12.1 ,,,,,,,,,,
"Thu, 19/10/23", 1.7 , 3.5 , 3.1 , 11.1 , 6.3 , 4.8 , 5.1 , 7.2 ,,,,,,,,,,
"Fri, 20/10/23", 1.2 , 4.1 , 2.0 , 3.7 , 3.6 , 2.6 , 4.1 , 7.2 ,,,,,,,,,,
"Sat, 21/10/23", 1.5 , 2.8 , 1.2 , 2.6 , 2.4 , 1.6 , 2.7 , 5.3 ,,,,,,,,,,
"Sun, 22/10/23", 1.2 , 2.9 , 1.2 , 4.2 , 2.1 , 1.0 , 3.2 , 9.8 ,,,,,,,,,,
"Mon, 23/10/23", 1.5 , 16.9 , 7.7 , 7.2 , 3.6 , 3.4 , 4.7 , 11.8 ,,,,,,,,,,
"Tue, 24/10/23", 1.8 , 12.3 , 11.2 , 8.1 , 5.8 , 4.5 , 6.0 , 13.1 ,,,,,,,,,,
"Wed, 25/10/23", 1.9 , 6.0 , 4.2 , 5.0 , 3.9 , 4.8 , 5.9 , 9.9 ,,,,,,,,,,
"Thu, 26/10/23", 2.5 , 11.0 , 1.5 , 3.0 , 3.6 , 4.7 , 4.0 , 9.6 ,,,,,,,,,,
"Fri, 27/10/23", 1.5 , 6.2 , 1.4 , 2.4 , 3.8 , 2.3 , 3.0 , 9.7 ,,,,,,,,,,
"Sat, 28/10/23", 0.9 , 2.7 , 2.5 , 2.1 , 3.5 , 1.8 , 1.8 , 6.6 ,,,,,,,,,,
"Sun, 29/10/23", 1.3 , 3.8 , 1.5 , 2.4 , 2.4 , 1.4 , 2.1 , 8.3 ,,,,,,,,,,
"Mon, 30/10/23", 1.5 , 12.3 , 2.7 , 6.0 , 4.8 , 3.1 , 3.3 , 8.6 ,,,,,,,,,,
"Tue, 31/10/23", 1.4 , 19.7 , 7.6 , 5.3 , 6.0 , 3.0 , 4.9 , 11.6 ,,,,,,,,,,
"Wed, 01/11/23", 1.3 , 21.8 , 7.2 , 6.0 , 7.1 , 2.6 , 5.3 , 13.3 ,,,,,,,,,,
"Thu, 02/11/23", 1.5 , 8.2 , 5.7 , 2.3 , 3.6 , 4.3 , 4.5 , 10.0 ,,,,,,,,,,
"Fri, 03/11/23", 1.6 , 9.5 , 6.8 , 1.8 , 4.0 , 3.3 , 3.1 , 8.0 ,,,,,,,,,,
"Sat, 04/11/23", 1.0 , 12.5 , 2.1 , 2.0 , 3.3 , 1.1 , 2.1 , 5.2 ,,,,,,,,,,
"Sun, 05/11/23", 1.6 , 6.8 , 5.2 , 1.8 , 3.0 , 2.8 , 2.4 , 3.7 ,,,,,,,,,,
"Mon, 06/11/23", 1.7 , 25.1 , 10.4 , 3.4 , 3.8 , 5.3 , 4.4 , 5.0 ,,,,,,,,,,
"Tue, 07/11/23", 1.1 , 16.1 , 8.1 , 4.2 , 5.4 , 5.4 , 3.2 , 7.6 ,,,,,,,,,,
"Wed, 08/11/23", 1.2 , 8.7 , 4.4 , 3.0 , 5.5 , 6.1 , 2.4 , 6.9 ,,,,,,,,,,
"Thu, 09/11/23", 1.6 , 7.3 , 3.6 , 3.0 , 4.6 , 4.3 , 2.5 , 5.2 ,,,,,,,,,,
"Fri, 10/11/23", 1.9 , 1.3 , 2.4 , 4.1 , 2.9 , 3.1 , 1.9 , 4.8 ,,,,,,,,,,
"Sat, 11/11/23", 1.4 , 1.3 , 0.9 , 2.7 , 2.9 , 1.6 , 1.8 , 3.9 ,,,,,,,,,,
"Sun, 12/11/23", 1.4 , 1.4 , 1.1 , 2.8 , 2.1 , 1.3 , 1.6 , 3.6 ,,,,,,,,,,
"Mon, 13/11/23", 1.7 , 3.6 , 1.5 , 2.4 , 2.7 , 2.5 , 1.4 , 4.2 ,,,,,,,,,,
"Tue, 14/11/23", 1.0 , 9.3 , 4.9 , 5.1 , 3.3 , 8.5 , 4.0 , 6.2 ,,,,,,,,,,
"Wed, 15/11/23", 1.5 , 18.4 , 8.9 , 7.6 , 3.4 , 11.8 , 5.3 , 7.6 ,,,,,,,,,,
"Thu, 16/11/23", 1.6 , 16.2 , 5.3 , 3.6 , 3.6 , 9.0 , 2.6 , 7.4 ,,,,,,,,,,
"Fri, 17/11/23", 1.8 , 9.7 , 4.4 , 3.2 , 4.6 , 5.3 , 1.9 , 6.3 ,,,,,,,,,,
"Sat, 18/11/23", 1.0 , 3.5 , 5.2 , 3.0 , 2.4 , 3.4 , 1.9 , 5.4 ,,,,,,,,,,
"Sun, 19/11/23", 1.6 , 1.8 , 3.3 , 8.1 , 2.7 , 3.5 , 1.7 , 5.7 ,,,,,,,,,,
"Mon, 20/11/23", 1.8 , 14.6 , 6.8 , 12.6 , 4.0 , 7.0 , 2.1 , 7.3 ,,,,,,,,,,
"Tue, 21/11/23", 1.7 , 15.3 , 7.8 , 12.0 , 6.7 , 9.1 , 2.6 , 8.0 ,,,,,,,,,,
"Wed, 22/11/23", 2.5 , 11.8 , 8.6 , 9.2 , 6.2 , 5.1 , 2.1 , 7.3 ,,,,,,,,,,
"Thu, 23/11/23", 1.5 , 8.7 , 7.8 , 4.6 , 7.6 , 6.3 , 2.0 , 7.3 ,,,,,,,,,,
"Fri, 24/11/23", 1.9 , 5.1 , 3.3 , 3.7 , 6.8 , 4.1 , 2.0 , 8.1 ,,,,,,,,,,
"Sat, 25/11/23", 1.5 , 3.8 , 2.0 , 2.3 , 4.2 , 4.5 , 1.9 , 5.5 ,,,,,,,,,,
"Sun, 26/11/23", 2.2 , 6.7 , 1.4 , 2.9 , 6.6 , 3.0 , 1.7 , 6.2 ,,,,,,,,,,
"Mon, 27/11/23", 1.0 , 11.6 , 5.0 , 5.4 , 5.1 , 5.5 , 3.0 , 8.3 ,,,,,,,,,,
"Tue, 28/11/23", 1.5 , 15.2 , 4.8 , 11.5 , 5.8 , 7.0 , 4.4 , 11.2 ,,,,,,,,,,
"Wed, 29/11/23", 1.7 , 16.6 , 8.0 , 10.5 , 6.9 , 5.2 , 5.7 , 7.7 ,,,,,,,,,,
"Thu, 30/11/23", 1.9 , 13.3 , 12.0 , 10.0 , 5.6 , 6.5 , 4.7 , 5.0 ,,,,,,,,,,
"Fri, 01/12/23", 1.7 , 12.4 , 3.9 , 7.8 , 6.1 , 3.4 , 2.9 , 5.1 ,,,,,,,,,,
"Sat, 02/12/23", 1.3 , 10.7 , 2.5 , 5.8 , 3.8 , 4.2 , 2.0 , 4.8 ,,,,,,,,,,
"Sun, 03/12/23", 1.3 , 13.6 , 1.7 , 13.3 , 4.1 , 4.5 , 2.3 , 5.8 ,,,,,,,,,,
"Mon, 04/12/23", 1.5 , 22.1 , 4.2 , 19.0 , 5.3 , 6.5 , 2.0 , 8.0 ,,,,,,,,,,
"Tue, 05/12/23", 2.5 , 23.6 , 16.5 , 19.5 , 7.6 , 12.4 , 3.3 , 10.6 ,,,,,,,,,,
"Wed, 06/12/23", 2.1 , 21.7 , 10.2 , 16.7 , 9.9 , 10.3 , 4.7 , 8.3 ,,,,,,,,,,
"Thu, 07/12/23", 1.5 , 21.0 , 9.4 , 14.0 , 9.2 , 6.6 , 4.6 , 8.7 ,,,,,,,,,,
"Fri, 08/12/23", 1.8 , 17.6 , 7.8 , 8.5 , 5.9 , 5.7 , 5.1 , 7.4 ,,,,,,,,,,
"Sat, 09/12/23", 1.2 , 11.5 , 7.2 , 6.3 , 4.0 , 3.7 , 2.5 , 6.2 ,,,,,,,,,,
"Sun, 10/12/23", 2.0 , 13.1 , 5.7 , 7.8 , 4.1 , 4.9 , 4.4 , 5.2 ,,,,,,,,,,
"Mon, 11/12/23", 2.9 , 20.7 , 20.5 , 9.1 , 5.6 , 8.9 , 8.0 , 12.2 ,,,,,,,,,,
"Tue, 12/12/23", 2.6 , 23.3 , 22.7 , 16.5 , 8.1 , 6.0 , 12.1 , 19.0 ,,,,,,,,,,
"Wed, 13/12/23", 9.2 , 19.8 , 9.6 , 16.5 , 9.6 , 6.7 , 13.5 , 17.8 ,,,,,,,,,,
"Thu, 14/12/23", 3.7 , 14.6 , 8.6 , 11.3 , 9.0 , 4.4 , 8.9 , 9.9 ,,,,,,,,,,
"Fri, 15/12/23", 3.8 , 16.0 , 10.4 , 17.3 , 4.4 , 5.6 , 6.2 , 7.8 ,,,,,,,,,,
"Sat, 16/12/23", 1.7 , 2.0 , 10.3 , 5.2 , 3.6 , 3.4 , 5.2 , 5.4 ,,,,,,,,,,
"Sun, 17/12/23", 2.1 , 4.1 , 11.0 , 11.0 , 3.7 , 3.7 , 5.5 , 4.7 ,,,,,,,,,,
"Mon, 18/12/23", 3.1 , 18.7 , 16.9 , 17.3 , 4.3 , 8.2 , 5.4 , 5.9 ,,,,,,,,,,
"Tue, 19/12/23", 4.4 , 18.0 , 16.1 , 22.3 , 5.2 , 10.8 , 7.6 , 7.8 ,,,,,,,,,,
"Wed, 20/12/23", 1.9 , 7.3 , 23.1 , 20.2 , 5.0 , 9.2 , 10.4 , 7.4 ,,,,,,,,,,
"Thu, 21/12/23", 1.7 , 9.7 , 8.7 , 11.6 , 3.4 , 7.6 , 4.7 , 6.0 ,,,,,,,,,,
"Fri, 22/12/23", 4.2 , 5.6 , 8.0 , 15.1 , 2.9 , 4.9 , 2.7 , 5.1 ,,,,,,,,,,
"Sat, 23/12/23", 1.0 , 2.5 , 3.7 , 5.8 , 2.5 , 2.8 , 1.9 , 3.8 ,,,,,,,,,,
"Sun, 24/12/23", 1.0 , 2.9 , 4.5 , 7.7 , 2.7 , 1.7 , 2.1 , 4.0 ,,,,,,,,,,
"Mon, 25/12/23", 1.5 , 3.9 , 4.0 , 4.3 , 2.1 , 1.5 , 3.2 , 4.5 ,,,,,,,,,,
"Tue, 26/12/23", 2.5 , 12.0 , 13.5 , 7.9 , 3.1 , 6.3 , 8.1 , 5.9 ,,,,,,,,,,
"Wed, 27/12/23", 3.9 , 13.3 , 6.9 , 16.9 , 3.9 , 8.0 , 8.7 , 7.0 ,,,,,,,,,,
"Thu, 28/12/23", 7.0 , 18.9 , 10.8 , 7.2 , 5.0 , 5.7 , 6.1 , 6.7 ,,,,,,,,,,
"Fri, 29/12/23", 2.9 , 9.6 , 8.4 , 4.0 , 5.9 , 3.7 , 5.9 , 6.2 ,,,,,,,,,,
"Sat, 30/12/23", 1.6 , 9.2 , 4.6 , 2.9 , 4.5 , 1.9 , 2.4 , 4.2 ,,,,,,,,,,
"Sun, 31/12/23", 1.4 , 12.1 , 6.1 , 3.0 , 3.6 , 1.2 , 1.9 , 3.9 ,,,,,,,,,,
"Mon, 01/01/24", 1.6 , 2.5 , 10.8 , 5.1 , 2.0 , 1.4 , 1.7 , 3.8 ,,,,,,,,,,
"Tue, 02/01/24", 1.7 , 11.6 , 7.4 , 8.1 , 4.2 , 3.6 , 2.9 , 8.5 ,,,,,,,,,,
"Wed, 03/01/24", 1.9 , 21.9 , 11.6 , 17.9 , 5.2 , 5.7 , 5.4 , 9.8 ,,,,,,,,,,
"Thu, 04/01/24", 2.3 , 21.9 , 18.3 , 10.1 , 5.1 , 7.7 , 9.7 , 9.6 ,,,,,,,,,,
"Fri, 05/01/24", 1.3 , 5.4 , 13.9 , 8.9 , 4.8 , 5.5 , 4.4 , 6.9 ,,,,,,,,,,
"Sat, 06/01/24", 2.3 , 4.9 , 9.0 , 3.9 , 3.8 , 5.3 , 2.6 , 6.6 ,,,,,,,,,,
"Sun, 07/01/24", 1.4 , 8.6 , 3.7 , 3.8 , 4.5 , 5.0 , 3.3 , 7.2 ,,,,,,,,,,
"Mon, 08/01/24", 1.4 , 13.4 , 4.4 , 16.0 , 5.7 , 9.2 , 4.4 , 11.4 ,,,,,,,,,,
"Tue, 09/01/24", 1.9 , 12.4 , 9.4 , 17.5 , 9.3 , 9.7 , 18.3 , 17.6 ,,,,,,,,,,
"Wed, 10/01/24", 1.6 , 16.9 , 4.4 , 14.7 , 10.3 , 12.2 , 7.8 , 11.2 ,,,,,,,,,,
"Thu, 11/01/24", 1.4 , 8.4 , 4.1 , 13.0 , 8.2 , 7.2 , 7.8 , 9.3 ,,,,,,,,,,
"Fri, 12/01/24", 1.6 , 16.2 , 4.2 , 5.3 , 5.5 , 5.7 , 5.1 , 9.6 ,,,,,,,,,,
"Sat, 13/01/24", 0.8 , 11.3 , 3.0 , 2.4 , 4.2 , 3.6 , 4.0 , 5.3 ,,,,,,,,,,
"Sun, 14/01/24", 1.6 , 13.8 , 2.3 , 3.4 , 3.4 , 4.7 , 3.0 , 6.3 ,,,,,,,,,,
"Mon, 15/01/24", 1.4 , 14.3 , 2.2 , 7.8 , 5.0 , 12.9 , 4.9 , 13.6 ,,,,,,,,,,
"Tue, 16/01/24", 1.9 , 7.9 , 4.1 , 10.4 , 5.8 , 11.8 , 6.4 , 15.2 ,,,,,,,,,,
"Wed, 17/01/24", 1.4 , 23.6 , 5.3 , 6.5 , 6.1 , 8.2 , 3.8 , 13.5 ,,,,,,,,,,
"Thu, 18/01/24", 1.6 , 14.9 , 5.6 , 4.0 , 5.9 , 9.9 , 4.9 , 7.4 ,,,,,,,,,,
"Fri, 19/01/24", 2.2 , 9.8 , 5.0 , 4.1 , 4.1 , 4.9 , 5.2 , 6.5 ,,,,,,,,,,
"Sat, 20/01/24", 1.7 , 7.6 , 3.6 , 3.4 , 2.2 , 1.7 , 2.4 , 5.1 ,,,,,,,,,,
"Sun, 21/01/24", 1.5 , 7.1 , 1.8 , 3.8 , 2.2 , 3.8 , 1.8 , 4.2 ,,,,,,,,,,
"Mon, 22/01/24", 1.5 , 16.6 , 4.3 , 7.2 , 3.7 , 5.3 , 3.2 , 6.2 ,,,,,,,,,,
"Tue, 23/01/24", 2.1 , 15.9 , 7.9 , 6.6 , 5.4 , 8.3 , 5.7 , 8.0 ,,,,,,,,,,
"Wed, 24/01/24", 1.7 , 21.9 , 14.0 , 6.8 , 6.0 , 13.9 , 8.5 , 9.0 ,,,,,,,,,,
"Thu, 25/01/24", 1.7 , 11.8 , 8.2 , 3.0 , 4.6 , 12.8 , 8.7 , 5.5 ,,,,,,,,,,
"Fri, 26/01/24", 1.8 , 5.3 , 5.7 , 2.4 , 3.4 , 6.9 , 4.8 , 4.9 ,,,,,,,,,,
"Sat, 27/01/24", 1.2 , 2.8 , 3.4 , 2.5 , 3.2 , 3.1 , 2.9 , 4.5 ,,,,,,,,,,
"Sun, 28/01/24", 1.1 , 4.7 , 2.4 , 4.1 , 1.8 , 1.8 , 2.6 , 4.8 ,,,,,,,,,,
"Mon, 29/01/24", 1.5 , 17.2 , 7.5 , 8.8 , 3.0 , 7.5 , 4.4 , 6.1 ,,,,,,,,,,
"Tue, 30/01/24", 1.9 , 18.6 , 16.4 , 7.7 , 5.3 , 6.8 , 8.6 , 9.2 ,,,,,,,,,,
"Wed, 31/01/24", 1.6 , 12.4 , 8.6 , 7.3 , 6.0 , 7.7 , 5.8 , 7.6 ,,,,,,,,,,
"Thu, 01/02/24", 0.9 , 9.4 , 8.6 , 5.7 , 5.2 , 8.5 , 3.9 , 6.4 ,,,,,,,,,,
"Fri, 02/02/24", 1.2 , 13.1 , 3.1 , 5.8 , 3.4 , 4.6 , 2.2 , 4.6 ,,,,,,,,,,
"Sat, 03/02/24", 1.4 , 11.8 , 4.0 , 2.7 , 2.6 , 1.5 , 1.9 , 4.3 ,,,,,,,,,,
"Sun, 04/02/24", 1.6 , 1.4 , 9.5 , 2.5 , 2.6 , 1.4 , 1.9 , 3.8 ,,,,,,,,,,
"Mon, 05/02/24", 2.2 , 14.0 , 16.7 , 4.8 , 4.1 , 3.5 , 2.6 , 6.0 ,,,,,,,,,,
"Tue, 06/02/24", 1.5 , 6.6 , 3.1 , 4.6 , 4.7 , 2.2 , 3.0 , 5.9 ,,,,,,,,,,
"Wed, 07/02/24", 1.6 , 6.1 , 1.4 , 5.1 , 2.7 , 1.5 , 1.8 , 5.0 ,,,,,,,,,,
"Thu, 08/02/24", 1.4 , 2.0 , 0.7 , 2.5 , 2.6 , 1.2 , 1.8 , 3.6 ,,,,,,,,,,
"Fri, 09/02/24", 1.3 , 0.9 , 0.8 , 2.0 , 1.9 , 0.7 , 1.4 , 3.4 ,,,,,,,,,,
"Sat, 10/02/24", 2.4 , 0.6 , 0.6 , 1.7 , 1.7 , 0.9 , 1.4 , 3.3 ,,,,,,,,,,
"Sun, 11/02/24", 1.3 , 0.9 , 0.6 , 1.7 , 1.7 , 1.0 , 1.5 , 3.4 ,,,,,,,,,,
"Mon, 12/02/24", 1.7 , 2.9 , 0.8 , 1.9 , 2.0 , 0.8 , 1.7 , 3.5 ,,,,,,,,,,
"Tue, 13/02/24", 1.6 , 10.2 , 2.5 , 3.5 , 2.5 , 1.6 , 2.2 , 3.8 ,,,,,,,,,,
"Wed, 14/02/24", 1.8 , 10.3 , 5.7 , 6.3 , 2.7 , 2.0 , 2.7 , 3.8 ,,,,,,,,,,
"Thu, 15/02/24", 1.6 , 9.9 , 12.4 , 6.5 , 3.0 , 2.1 , 2.5 , 3.8 ,,,,,,,,,,
"Fri, 16/02/24", 0.9 , 3.9 , 6.5 , 6.8 , 4.2 , 2.9 , 2.2 , 4.1 ,,,,,,,,,,
"Sat, 17/02/24", 1.7 , 4.2 , 3.8 , 4.6 , 2.6 , 1.8 , 1.7 , 3.5 ,,,,,,,,,,
"Sun, 18/02/24", 1.2 , 1.6 , 3.7 , 4.3 , 2.4 , 2.1 , 1.9 , 3.9 ,,,,,,,,,,
"Mon, 19/02/24", 1.6 , 14.2 , 9.8 , 10.7 , 3.0 , 5.3 , 2.8 , 7.0 ,,,,,,,,,,
"Tue, 20/02/24", 2.4 , 13.4 , 16.6 , 11.4 , 5.5 , 5.1 , 3.4 , 9.2 ,,,,,,,,,,
"Wed, 21/02/24", 2.1 , 8.1 , 15.4 , 5.5 , 5.2 , 8.1 , 3.8 , 7.9 ,,,,,,,,,,
"Thu, 22/02/24", 2.0 , 18.2 , 12.4 , 3.3 , 4.7 , 4.9 , 5.2 , 6.5 ,,,,,,,,,,
"Fri, 23/02/24", 1.9 , 17.8 , 6.5 , 3.8 , 5.9 , 5.0 , 2.2 , 5.8 ,,,,,,,,,,
"Sat, 24/02/24", 1.6 , 10.3 , 7.0 , 2.5 , 4.0 , 1.9 , 1.9 , 4.3 ,,,,,,,,,,
"Sun, 25/02/24", 0.9 , 7.9 , 2.1 , 2.3 , 2.8 , 1.9 , 2.4 , 4.0 ,,,,,,,,,,
"Mon, 26/02/24", 1.4 , 19.5 , 4.9 , 4.6 , 3.5 , 9.0 , 4.7 , 5.8 ,,,,,,,,,,
"Tue, 27/02/24", 1.8 , 16.8 , 4.1 , 7.9 , 4.4 , 10.8 , 7.6 , 6.6 ,,,,,,,,,,
"Wed, 28/02/24", 1.3 , 16.1 , 5.8 , 10.2 , 4.0 , 9.3 , 13.1 , 4.8 ,,,,,,,,,,
"Thu, 29/02/24", 2.6 , 8.1 , 4.5 , 5.2 , 3.9 , 7.5 , 13.3 , 5.3 ,,,,,,,,,,
"Fri, 01/03/24", 2.5 , 9.8 , 7.5 , 3.0 , 3.8 , 6.5 , 9.3 , 4.0 ,,,,,,,,,,
"Sat, 02/03/24", 1.1 , 10.8 , 8.6 , 3.0 , 3.5 , 1.9 , 2.6 , 3.5 ,,,,,,,,,,
"Sun, 03/03/24", 1.3 , 11.1 , 6.4 , 2.4 , 2.5 , 4.1 , 2.0 , 3.5 ,,,,,,,,,,
"Mon, 04/03/24", 1.5 , 16.7 , 9.8 , 6.6 , 3.3 , 13.9 , 2.7 , 5.0 ,,,,,,,,,,
"Tue, 05/03/24", 1.5 , 9.1 , 13.5 , 5.6 , 4.0 , 8.8 , 6.5 , 4.9 ,,,,,,,,,,
"Wed, 06/03/24", 1.3 , 5.9 , 19.7 , 3.3 , 5.1 , 7.3 , 6.0 , 6.0 ,,,,,,,,,,
"Thu, 07/03/24", 0.7 , 9.9 , 13.1 , 2.7 , 3.1 , 4.9 , 6.7 , 6.5 ,,,,,,,,,,
"Fri, 08/03/24", 1.7 , 8.7 , 5.1 , 2.4 , 3.2 , 7.9 , 3.4 , 4.9 ,,,,,,,,,,
"Sat, 09/03/24", 1.2 , 5.7 , 2.1 , 2.7 , 2.4 , 4.9 , 2.2 , 4.5 ,,,,,,,,,,
"Sun, 10/03/24", 1.3 , 6.8 , 2.2 , 1.9 , 1.9 , 4.0 , 2.8 , 3.7 ,,,,,,,,,,
"Mon, 11/03/24", 1.6 , 16.4 , 11.9 , 2.7 , 3.3 , 8.2 , 3.7 , 6.0 ,,,,,,,,,,
"Tue, 12/03/24", 2.0 , 17.4 , 6.4 , 4.8 , 3.1 , 13.2 , 4.2 , 4.9 ,,,,,,,,,,
"Wed, 13/03/24", 1.6 , 15.6 , 5.1 , 4.7 , 3.1 , 15.2 , 4.2 , 4.2 ,,,,,,,,,,
"Thu, 14/03/24", 2.1 , 7.5 , 5.7 , 5.9 , 3.8 , 9.3 , 2.8 , 3.9 ,,,,,,,,,,
"Fri, 15/03/24", 1.3 , 5.0 , 5.7 , 3.4 , 3.6 , 10.0 , 2.2 , 3.8 ,,,,,,,,,,
"Sat, 16/03/24", 1.3 , 3.2 , 5.9 , 2.6 , 2.8 , 2.8 , 1.9 , 3.8 ,,,,,,,,,,
"Sun, 17/03/24", 1.5 , 3.3 , 3.2 , 4.3 , 3.2 , 6.3 , 1.7 , 3.2 ,,,,,,,,,,
"Mon, 18/03/24", 1.5 , 9.1 , 4.9 , 8.4 , 5.0 , 8.9 , 2.5 , 3.7 ,,,,,,,,,,
"Tue, 19/03/24", 1.3 , 7.4 , 23.7 , 7.1 , 6.0 , 6.6 , 4.6 , 4.4 ,,,,,,,,,,
"Wed, 20/03/24", 1.4 , 6.5 , 18.2 , 5.8 , 5.2 , 8.6 , 4.4 , 5.6 ,,,,,,,,,,
"Thu, 21/03/24", 1.6 , 6.6 , 7.1 , 7.7 , 5.3 , 7.2 , 2.8 , 4.6 ,,,,,,,,,,
"Fri, 22/03/24", 1.4 , 6.3 , 4.2 , 4.3 , 4.2 , 5.0 , 1.9 , 4.3 ,,,,,,,,,,
"Sat, 23/03/24", 1.0 , 2.0 , 5.9 , 2.0 , 2.6 , 2.8 , 1.5 , 4.0 ,,,,,,,,,,
"Sun, 24/03/24", 1.0 , 5.4 , 5.5 , 2.6 , 2.1 , 2.2 , 1.7 , 5.3 ,,,,,,,,,,
"Mon, 25/03/24", 1.5 , 7.9 , 22.2 , 4.1 , 3.1 , 5.3 , 2.8 , 6.1 ,,,,,,,,,,
"Tue, 26/03/24", 0.8 , 10.6 , 7.1 , 7.1 , 3.1 , 5.7 , 5.1 , 16.2 ,,,,,,,,,,
"Wed, 27/03/24", 1.4 , 10.2 , 18.8 , 5.1 , 2.5 , 6.4 , 5.7 , 8.5 ,,,,,,,,,,
"Thu, 28/03/24", 1.5 , 5.2 , 7.9 , 2.9 , 2.4 , 3.3 , 4.0 , 6.4 ,,,,,,,,,,
"Fri, 29/03/24", 1.5 , 2.9 , 2.7 , 2.1 , 2.1 , 2.4 , 1.5 , 4.9 ,,,,,,,,,,
"Sat, 30/03/24", 1.5 , 3.0 , 1.4 , 1.6 , 2.3 , 1.6 , 2.4 , 4.0 ,,,,,,,,,,
"Sun, 31/03/24", 1.5 , 4.3 , 3.8 , 2.5 , 2.2 , 3.5 , 3.9 , 4.7 ,,,,,,,,,,
"Mon, 01/04/24", 1.4 , 9.5 , 5.7 , 2.1 , 3.7 , 13.3 , 8.6 , 9.5 ,,,,,,,,,,
"Tue, 02/04/24", 1.5 , 12.6 , 18.7 , 2.6 , 2.8 , 7.3 , 13.2 , 7.3 ,,,,,,,,,,
"Wed, 03/04/24", 1.4 , 12.3 , 12.9 , 2.6 , 2.6 , 8.0 , 13.0 , 5.5 ,,,,,,,,,,
"Thu, 04/04/24", 1.7 , 16.0 , 4.1 , 3.1 , 3.2 , 14.4 , 7.9 , 5.6 ,,,,,,,,,,
"Fri, 05/04/24", 1.6 , 19.7 , 3.5 , 2.3 , 2.8 , 5.7 , 3.6 , 5.5 ,,,,,,,,,,
"Sat, 06/04/24", 1.2 , 8.0 , 2.3 , 1.7 , 3.3 , 2.0 , 2.0 , 3.9 ,,,,,,,,,,
"Sun, 07/04/24", 1.3 , 8.5 , 1.7 , 1.8 , 2.4 , 2.7 , 1.4 , 3.7 ,,,,,,,,,,
"Mon, 08/04/24", 1.7 , 15.7 , 2.6 , 3.0 , 3.8 , 7.7 , 2.0 , 5.1 ,,,,,,,,,,
"Tue, 09/04/24", 1.8 , 15.7 , 2.1 , 2.5 , 2.3 , 7.4 , 2.1 , 5.8 ,,,,,,,,,,
"Wed, 10/04/24", 1.0 , 10.5 , 2.5 , 1.6 , 1.7 , 2.6 , 1.8 , 4.6 ,,,,,,,,,,
"Thu, 11/04/24", 1.8 , 11.2 , 3.1 , 2.3 , 3.1 , 6.2 , 2.6 , 5.0 ,,,,,,,,,,
"Fri, 12/04/24", 1.4 , 10.1 , 4.8 , 2.8 , 2.7 , 7.3 , 2.3 , 4.4 ,,,,,,,,,,
"Sat, 13/04/24", 1.4 , 4.9 , 1.6 , 1.8 , 1.7 , 5.4 , 2.3 , 4.0 ,,,,,,,,,,
"Sun, 14/04/24", 1.3 , 3.0 , 3.3 , 1.7 , 2.0 , 9.2 , 2.0 , 3.9 ,,,,,,,,,,
"Mon, 15/04/24", 1.5 , 11.7 , 10.0 , 4.2 , 2.6 , 9.7 , 3.9 , 7.7 ,,,,,,,,,,
"Tue, 16/04/24", 0.9 , 12.6 , 17.3 , 5.0 , 3.7 , 9.4 , 4.5 , 8.8 ,,,,,,,,,,
"Wed, 17/04/24", 1.2 , 20.9 , 14.7 , 2.8 , 2.7 , 4.0 , 3.5 , 5.8 ,,,,,,,,,,
"Thu, 18/04/24", 1.0 , 16.3 , 9.5 , 2.6 , 3.3 , 6.6 , 2.1 , 4.3 ,,,,,,,,,,
"Fri, 19/04/24", 1.7 , 8.7 , 12.6 , 3.1 , 3.2 , 2.7 , 2.8 , 3.9 ,,,,,,,,,,
"Sat, 20/04/24", 1.2 , 3.9 , 9.3 , 2.0 , 2.2 , 2.5 , 1.5 , 3.8 ,,,,,,,,,,
"Sun, 21/04/24", 0.8 , 5.4 , 6.7 , 2.6 , 2.4 , 3.4 , 1.5 , 3.6 ,,,,,,,,,,
"Mon, 22/04/24", 1.7 , 22.8 , 7.5 , 3.2 , 4.0 , 6.4 , 3.3 , 5.3 ,,,,,,,,,,
"Tue, 23/04/24", 1.3 , 19.3 , 9.9 , 5.2 , 5.3 , 5.8 , 5.1 , 4.7 ,,,,,,,,,,
"Wed, 24/04/24", 1.2 , 13.5 , 14.8 , 5.2 , 8.0 , 5.2 , 5.3 , 4.8 ,,,,,,,,,,
"Thu, 25/04/24", 1.1 , 19.1 , 11.0 , 2.7 , 6.1 , 5.9 , 7.9 , 4.8 ,,,,,,,,,,
"Fri, 26/04/24", 1.6 , 12.1 , 5.1 , 3.1 , 7.2 , 3.5 , 8.0 , 4.1 ,,,,,,,,,,
"Sat, 27/04/24", 1.4 , 8.0 , 6.7 , 2.0 , 4.2 , 1.7 , 6.9 , 3.6 ,,,,,,,,,,
"Sun, 28/04/24", 1.4 , 3.9 , 3.9 , 1.7 , 3.9 , 4.2 , 4.1 , 4.6 ,,,,,,,,,,
"Mon, 29/04/24", 1.8 , 11.6 , 21.6 , 2.1 , 4.9 , 6.5 , 9.8 , 5.9 ,,,,,,,,,,
"Tue, 30/04/24", 2.2 , 18.1 , 10.1 , 3.5 , 7.1 , 5.7 , 14.0 , 6.1 ,,,,,,,,,,
"Wed, 01/05/24", 1.3 , 10.8 , 15.4 , 2.1 , 5.8 , 4.9 , 4.6 , 6.9 ,,,,,,,,,,
"Thu, 02/05/24", 1.5 , 29.0 , 23.0 , 3.6 , 5.2 , 12.6 , 7.9 , 7.3 ,,,,,,,,,,
"Fri, 03/05/24", 1.1 , 22.1 , 8.2 , 5.8 , 6.7 , 7.9 , 18.7 , 9.7 ,,,,,,,,,,
"Sat, 04/05/24", 1.5 , 21.2 , 10.2 , 2.3 , 5.0 , 4.3 , 6.4 , 6.0 ,,,,,,,,,,
"Sun, 05/05/24", 1.3 , 14.1 , 4.6 , 4.0 , 3.5 , 4.2 , 4.5 , 5.9 ,,,,,,,,,,
"Mon, 06/05/24", 1.9 , 25.2 , 5.3 , 8.3 , 4.8 , 8.7 , 10.7 , 9.2 ,,,,,,,,,,
"Tue, 07/05/24", 2.2 , 19.0 , 14.5 , 7.4 , 9.7 , 11.2 , 10.3 , 8.3 ,,,,,,,,,,
"Wed, 08/05/24", 1.0 , 20.2 , 7.2 , 4.8 , 5.2 , 12.9 , 7.7 , 5.6 ,,,,,,,,,,
"Thu, 09/05/24", 1.7 , 18.7 , 4.8 , 6.1 , 4.3 , 13.0 , 10.9 , 4.9 ,,,,,,,,,,
"Fri, 10/05/24", 1.2 , 12.6 , 6.7 , 4.6 , 3.9 , 7.0 , 6.6 , 4.6 ,,,,,,,,,,
"Sat, 11/05/24", 1.0 , 10.8 , 1.7 , 6.3 , 2.5 , 5.8 , 6.7 , 4.1 ,,,,,,,,,,
"Sun, 12/05/24", 1.3 , 7.1 , 6.5 , 12.3 , 2.7 , 6.9 , 2.9 , 4.6 ,,,,,,,,,,
"Mon, 13/05/24", 1.5 , 23.0 , 4.8 , 20.4 , 5.7 , 9.6 , 5.5 , 10.0 ,,,,,,,,,,
"Tue, 14/05/24", 0.9 , 20.4 , 12.6 , 20.0 , 9.5 , 8.7 , 7.0 , 15.5 ,,,,,,,,,,
"Wed, 15/05/24", 1.7 , 19.8 , 13.9 , 8.5 , 7.3 , 8.4 , 4.0 , 11.4 ,,,,,,,,,,
"Thu, 16/05/24", 1.5 , 17.0 , 7.4 , 3.2 , 6.1 , 10.0 , 3.7 , 7.3 ,,,,,,,,,,
"Fri, 17/05/24", 1.5 , 8.4 , 4.0 , 2.4 , 6.5 , 4.7 , 4.2 , 4.9 ,,,,,,,,,,
"Sat, 18/05/24", 1.1 , 9.9 , 1.9 , 2.3 , 2.8 , 2.4 , 2.0 , 4.2 ,,,,,,,,,,
"Sun, 19/05/24", 1.4 , 5.9 , 2.8 , 2.6 , 2.5 , 2.6 , 2.4 , 3.8 ,,,,,,,,,,
"Mon, 20/05/24", 1.6 , 19.2 , 14.9 , 4.7 , 4.6 , 8.3 , 4.3 , 5.7 ,,,,,,,,,,
"Tue, 21/05/24", 1.5 , 22.1 , 7.6 , 6.5 , 6.0 , 5.3 , 6.4 , 6.0 ,,,,,,,,,,
"Wed, 22/05/24", 1.0 , 11.4 , 7.8 , 3.6 , 4.3 , 5.3 , 6.5 , 4.9 ,,,,,,,,,,
"Thu, 23/05/24", 1.8 , 16.5 , 2.9 , 4.9 , 4.4 , 5.7 , 4.4 , 5.3 ,,,,,,,,,,
"Fri, 24/05/24", 1.3 , 13.0 , 3.9 , 4.3 , 6.3 , 5.3 , 8.3 , 6.2 ,,,,,,,,,,
"Sat, 25/05/24", 1.4 , 7.6 , 2.1 , 2.1 , 4.8 , 1.7 , 6.0 , 4.7 ,,,,,,,,,,
"Sun, 26/05/24", 1.5 , 5.2 , 4.1 , 3.0 , 3.3 , 3.4 , 3.1 , 5.6 ,,,,,,,,,,
"Mon, 27/05/24", 1.7 , 16.7 , 4.5 , 4.1 , 7.9 , 18.0 , 4.4 , 6.1 ,,,,,,,,,,
"Tue, 28/05/24", 1.3 , 20.0 , 6.2 , 6.2 , 7.4 , 10.2 , 9.9 , 11.2 ,,,,,,,,,,
"Wed, 29/05/24", 1.3 , 18.4 , 6.0 , 5.4 , 8.8 , 7.1 , 11.1 , 7.2 ,,,,,,,,,,
"Thu, 30/05/24", 1.8 , 17.6 , 5.5 , 5.0 , 9.4 , 8.4 , 11.1 , 11.6 ,,,,,,,,,,
"Fri, 31/05/24", 1.1 , 14.7 , 3.4 , 3.4 , 6.3 , 5.9 , 9.2 , 7.8 ,,,,,,,,,,
"Sat, 01/06/24", 1.0 , 15.2 , 3.3 , 2.3 , 2.7 , 4.9 , 4.4 , 6.6 ,,,,,,,,,,
"Sun, 02/06/24", 1.3 , 13.6 , 3.6 , 2.9 , 2.2 , 4.8 , 5.2 , 6.8 ,,,,,,,,,,
"Mon, 03/06/24", 2.0 , 20.0 , 3.4 , 6.1 , 4.1 , 7.1 , 16.2 , 6.2 ,,,,,,,,,,
"Tue, 04/06/24", 1.5 , 13.7 , 6.3 , 10.3 , 5.1 , 7.8 , 13.6 , 10.8 ,,,,,,,,,,
"Wed, 05/06/24", 1.0 , 11.1 , 6.0 , 7.9 , 4.7 , 6.1 , 12.3 , 8.8 ,,,,,,,,,,
"Thu, 06/06/24", 1.6 , 6.5 , 12.6 , 7.7 , 5.9 , 5.3 , 12.0 , 8.0 ,,,,,,,,,,
"Fri, 07/06/24", 1.3 , 15.2 , 3.7 , 5.4 , 7.2 , 3.2 , 5.8 , 8.1 ,,,,,,,,,,
"Sat, 08/06/24", 1.4 , 5.1 , 3.0 , 2.7 , 3.9 , 2.6 , 3.0 , 4.8 ,,,,,,,,,,
"Sun, 09/06/24", 1.4 , 2.2 , 2.7 , 2.6 , 3.3 , 1.4 , 5.3 , 3.9 ,,,,,,,,,,
"Mon, 10/06/24", 1.7 , 16.2 , 3.4 , 8.0 , 5.4 , 3.6 , 4.2 , 6.7 ,,,,,,,,,,
"Tue, 11/06/24", 1.6 , 10.0 , 6.3 , 11.9 , 7.5 , 6.0 , 13.5 , 6.5 ,,,,,,,,,,
"Wed, 12/06/24", 1.3 , 10.4 , 7.1 , 12.3 , 4.2 , 6.9 , 21.0 , 6.3 ,,,,,,,,,,
"Thu, 13/06/24", 1.7 , 10.1 , 3.5 , 4.0 , 4.5 , 7.4 , 8.4 , 5.1 ,,,,,,,,,,
"Fri, 14/06/24", 1.4 , 11.1 , 3.4 , 5.0 , 4.1 , 3.7 , 7.3 , 4.8 ,,,,,,,,,,
"Sat, 15/06/24", 1.5 , 4.5 , 5.4 , 2.2 , 2.1 , 1.4 , 2.5 , 4.5 ,,,,,,,,,,
"Sun, 16/06/24", 1.1 , 2.2 , 3.6 , 2.0 , 2.5 , 1.1 , 2.2 , 3.9 ,,,,,,,,,,
"Mon, 17/06/24", 1.3 , 3.3 , 4.8 , 2.0 , 2.0 , 1.1 , 2.0 , 4.4 ,,,,,,,,,,
"Tue, 18/06/24", 1.3 , 14.2 , 10.1 , 6.2 , 4.3 , 5.0 , 3.7 , 7.2 ,,,,,,,,,,
"Wed, 19/06/24", 1.5 , 19.7 , 7.9 , 9.0 , 8.9 , 9.1 , 13.3 , 8.1 ,,,,,,,,,,
"Thu, 20/06/24", 1.4 , 16.8 , 8.1 , 7.4 , 5.7 , 4.9 , 16.0 , 9.4 ,,,,,,,,,,
"Fri, 21/06/24", 1.6 , 10.6 , 3.8 , 2.7 , 4.5 , 5.1 , 19.9 , 4.7 ,,,,,,,,,,
"Sat, 22/06/24", 0.8 , 11.5 , 2.3 , 2.0 , 3.0 , 1.6 , 8.1 , 3.7 ,,,,,,,,,,
"Sun, 23/06/24", 1.5 , 6.1 , 2.3 , 3.4 , 2.0 , 1.7 , 2.6 , 3.7 , 3.0 ,,,,,,,,,
"Mon, 24/06/24", 1.3 , 15.1 , 2.8 , 5.2 , 3.3 , 10.4 , 3.7 , 5.3 , 3.4 ,,,,,,,,,
"Tue, 25/06/24", 2.2 , 16.7 , 3.8 , 5.4 , 5.3 , 7.7 , 7.4 , 7.0 , 2.7 ,,,,,,,,,
"Wed, 26/06/24", 1.9 , 13.6 , 7.3 , 5.6 , 4.2 , 7.8 , 7.2 , 6.8 , 3.0 ,,,,,,,,,
"Thu, 27/06/24", 1.8 , 17.3 , 4.9 , 5.5 , 3.3 , 4.1 , 5.1 , 5.3 , 3.3 ,,,,,,,,,
"Fri, 28/06/24", 1.3 , 16.6 , 7.3 , 4.0 , 3.2 , 2.8 , 5.0 , 4.9 , 3.5 ,,,,,,,,,
"Sat, 29/06/24", 1.3 , 8.5 , 2.7 , 2.6 , 2.4 , 1.3 , 3.0 , 4.2 , 2.5 ,,,,,,,,,
"Sun, 30/06/24", 1.3 , 3.2 , 2.6 , 3.9 , 2.8 , 0.9 , 3.4 , 4.7 , 2.7 ,,,,,,,,,
"Mon, 01/07/24", 1.4 , 22.3 , 4.1 , 6.8 , 4.2 , 3.2 , 6.3 , 8.5 , 3.0 ,,,,,,,,,
"Tue, 02/07/24", 1.5 , 9.1 , 4.8 , 12.3 , 4.1 , 2.2 , 5.1 , 12.5 , 3.1 ,,,,,,,,,
"Wed, 03/07/24", 1.3 , 12.1 , 4.4 , 8.1 , 6.6 , 4.1 , 7.6 , 9.9 , 3.6 ,,,,,,,,,
"Thu, 04/07/24", 1.8 , 16.8 , 3.7 , 4.0 , 3.7 , 4.3 , 9.7 , 5.4 , 3.5 ,,,,,,,,,
"Fri, 05/07/24", 1.8 , 10.6 , 8.4 , 2.6 , 3.2 , 2.4 , 7.3 , 6.1 , 3.0 ,,,,,,,,,
"Sat, 06/07/24", 1.1 , 3.8 , 4.2 , 3.6 , 2.4 , 1.6 , 7.4 , 5.5 , 2.6 ,,,,,,,,,
"Sun, 07/07/24", 1.1 , 13.8 , 2.5 , 2.9 , 2.3 , 2.0 , 11.3 , 5.8 , 2.7 ,,,,,,,,,
"Mon, 08/07/24", 1.6 , 23.2 , 4.4 , 5.2 , 3.5 , 5.0 , 5.9 , 9.4 , 3.9 ,,,,,,,,,
"Tue, 09/07/24", 1.9 , 18.7 , 2.5 , 6.5 , 3.8 , 6.3 , 15.7 , 12.0 , 3.6 ,,,,,,,,,
"Wed, 10/07/24", 1.7 , 8.7 , 4.0 , 6.7 , 3.4 , 4.9 , 14.4 , 9.4 , 3.0 ,,,,,,,,,
"Thu, 11/07/24", 1.8 , 13.2 , 4.0 , 2.6 , 4.1 , 3.4 , 7.3 , 8.2 , 2.9 ,,,,,,,,,
"Fri, 12/07/24", 1.5 , 13.6 , 2.6 , 3.0 , 4.3 , 2.7 , 4.0 , 4.7 , 2.6 ,,,,,,,,,
"Sat, 13/07/24", 1.4 , 6.4 , 2.2 , 2.9 , 2.3 , 1.4 , 2.6 , 4.4 , 2.9 ,,,,,,,,,
"Sun, 14/07/24", 2.3 , 3.7 , 2.1 , 3.4 , 2.5 , 1.1 , 2.7 , 4.6 , 2.5 ,,,,,,,,,
"Mon, 15/07/24", 1.2 , 12.2 , 4.0 , 6.1 , 4.8 , 3.2 , 5.4 , 7.4 , 3.3 ,,,,,,,,,
"Tue, 16/07/24", 2.0 , 12.6 , 5.9 , 5.8 , 5.1 , 2.5 , 8.9 , 9.0 , 3.7 ,,,,,,,,,
"Wed, 17/07/24", 1.5 , 17.1 , 6.9 , 7.1 , 4.1 , 4.3 , 7.7 , 7.3 , 3.0 ,,,,,,,,,
"Thu, 18/07/24", 1.5 , 13.3 , 3.2 , 6.9 , 5.2 , 4.2 , 9.1 , 6.3 , 3.1 ,,,,,,,,,
"Fri, 19/07/24", 1.2 , 13.4 , 3.5 , 4.4 , 6.3 , 4.1 , 4.1 , 5.9 , 3.1 ,,,,,,,,,
"Sat, 20/07/24", 1.5 , 8.4 , 3.6 , 2.2 , 3.0 , 2.9 , 4.1 , 6.6 , 2.7 ,,,,,,,,,
"Sun, 21/07/24", 1.5 , 8.2 , 3.9 , 2.4 , 3.8 , 2.3 , 15.7 , 6.0 , 2.8 ,,,,,,,,,
"Mon, 22/07/24", 1.5 , 21.4 , 7.1 , 4.7 , 4.3 , 5.0 , 8.0 , 10.1 , 4.0 ,,,,,,,,,
"Tue, 23/07/24", 1.6 , 21.1 , 5.3 , 12.4 , 9.2 , 4.0 , 9.5 , 11.1 , 2.6 ,,,,,,,,,
"Wed, 24/07/24", 1.8 , 11.6 , 5.0 , 5.2 , 6.4 , 5.9 , 7.5 , 12.4 , 3.2 ,,,,,,,,,
"Thu, 25/07/24", 2.3 , 12.9 , 3.9 , 5.2 , 4.8 , 5.9 , 6.1 , 10.1 , 2.8 ,,,,,,,,,
"Fri, 26/07/24", 1.9 , 12.3 , 2.9 , 2.6 , 5.0 , 3.9 , 6.6 , 4.9 , 3.2 ,,,,,,,,,
"Sat, 27/07/24", 1.6 , 8.1 , 1.6 , 1.7 , 2.3 , 2.0 , 3.7 , 3.9 , 2.5 ,,,,,,,,,
"Sun, 28/07/24", 1.7 , 4.6 , 1.4 , 1.6 , 1.8 , 1.3 , 3.0 , 4.6 , 2.9 ,,,,,,,,,
"Mon, 29/07/24", 1.6 , 18.4 , 2.5 , 3.0 , 2.8 , 4.5 , 7.7 , 6.7 , 3.1 ,,,,,,,,,
"Tue, 30/07/24", 1.5 , 18.3 , 4.0 , 4.5 , 3.3 , 3.5 , 13.0 , 9.1 , 3.0 ,,,,,,,,,
"Wed, 31/07/24", 1.5 , 8.6 , 6.0 , 5.5 , 3.0 , 4.3 , 16.5 , 8.2 , 2.9 ,,,,,,,,,
"Thu, 01/08/24", 2.4 , 17.5 , 7.0 , 2.9 , 3.1 , 15.1 , 17.4 , 4.9 , 3.0 ,,,,,,,,,
"Fri, 02/08/24", 1.5 , 6.9 , 4.0 , 2.1 , 4.6 , 2.8 , 15.0 , 3.8 , 2.9 ,,,,,,,,,
"Sat, 03/08/24", 1.2 , 3.4 , 1.8 , 1.7 , 3.5 , 1.7 , 7.1 , 3.4 , 2.7 ,,,,,,,,,
"Sun, 04/08/24", 1.2 , 6.2 , 1.9 , 1.9 , 2.4 , 1.7 , 9.3 , 3.5 , 2.7 ,,,,,,,,,
"Mon, 05/08/24", 1.9 , 12.8 , 4.5 , 2.0 , 3.7 , 4.1 , 4.2 , 4.5 , 4.0 ,,,,,,,,,
"Tue, 06/08/24", 1.9 , 14.7 , 3.4 , 2.6 , 5.9 , 2.6 , 4.8 , 5.4 , 3.6 ,,,,,,,,,
"Wed, 07/08/24", 1.3 , 8.3 , 2.3 , 1.6 , 5.4 , 3.1 , 3.0 , 3.7 , 2.8 ,,,,,,,,,
"Thu, 08/08/24", 1.8 , 1.9 , 1.8 , 1.8 , 2.9 , 2.2 , 2.3 , 3.6 , 3.0 ,,,,,,,,,
"Fri, 09/08/24", 1.2 , 0.6 , 1.7 , 1.8 , 2.1 , 0.9 , 1.6 , 3.3 , 2.6 ,,,,,,,,,
"Sat, 10/08/24", 1.6 , 0.9 , 1.7 , 1.7 , 2.2 , 1.1 , 1.8 , 3.0 , 2.9 ,,,,,,,,,
"Sun, 11/08/24", 0.9 , 1.8 , 1.6 , 2.6 , 2.3 , 1.2 , 3.4 , 3.5 , 2.8 ,,,,,,,,,
"Mon, 12/08/24", 1.2 , 7.1 , 2.3 , 5.7 , 3.7 , 5.0 , 5.5 , 4.3 , 2.9 ,,,,,,,,,
"Tue, 13/08/24", 1.5 , 6.0 , 2.4 , 4.5 , 4.9 , 5.5 , 7.5 , 4.4 , 3.4 ,,,,,,,,,
"Wed, 14/08/24", 1.2 , 5.3 , 2.0 , 4.6 , 6.5 , 4.0 , 5.1 , 5.0 , 3.9 ,,,,,,,,,
"Thu, 15/08/24", 1.5 , 13.2 , 2.8 , 7.7 , 6.1 , 4.7 , 5.6 , 5.1 , 3.0 ,,,,,,,,,
"Fri, 16/08/24", 1.5 , 11.8 , 2.2 , 2.8 , 2.7 , 2.3 , 3.6 , 5.4 , 2.8 ,,,,,,,,,
"Sat, 17/08/24", 1.1 , 6.4 , 1.7 , 1.6 , 3.2 , 1.2 , 1.9 , 4.1 , 2.7 ,,,,,,,,,
"Sun, 18/08/24", 1.2 , 4.0 , 1.4 , 1.8 , 1.8 , 1.0 , 2.0 , 3.7 , 2.1 ,,,,,,,,,
"Mon, 19/08/24", 1.9 , 9.4 , 2.1 , 2.4 , 4.0 , 1.6 , 4.6 , 5.5 , 3.0 ,,,,,,,,,
"Tue, 20/08/24", 1.0 , 12.3 , 2.7 , 3.5 , 6.0 , 2.1 , 6.0 , 6.1 , 3.0 ,,,,,,,,,
"Wed, 21/08/24", 1.7 , 5.5 , 1.6 , 2.5 , 5.3 , 2.3 , 6.2 , 5.3 , 2.5 ,,,,,,,,,
"Thu, 22/08/24", 1.2 , 5.3 , 1.8 , 1.8 , 5.9 , 2.3 , 8.0 , 3.7 , 2.9 ,,,,,,,,,
"Fri, 23/08/24", 1.3 , 3.3 , 2.0 , 1.7 , 5.7 , 2.1 , 5.2 , 3.7 , 2.2 ,,,,,,,,,
"Sat, 24/08/24", 1.1 , 2.6 , 1.5 , 1.7 , 3.7 , 1.0 , 7.4 , 3.5 , 2.6 ,,,,,,,,,
"Sun, 25/08/24", 1.2 , 3.9 , 1.6 , 1.4 , 3.3 , 0.8 , 3.6 , 3.6 , 2.4 ,,,,,,,,,
"Mon, 26/08/24", 2.0 , 8.8 , 1.9 , 2.1 , 6.3 , 1.3 , 6.6 , 3.8 , 2.6 ,,,,,,,,,
"Tue, 27/08/24", 1.2 , 15.6 , 2.2 , 2.1 , 5.5 , 1.4 , 8.3 , 7.0 , 2.9 ,,,,,,,,,
"Wed, 28/08/24", 2.0 , 10.9 , 1.6 , 2.3 , 3.5 , 2.4 , 3.1 , 4.3 , 2.3 ,,,,,,,,,
"Thu, 29/08/24", 1.5 , 8.0 , 2.0 , 1.9 , 3.8 , 2.2 , 1.8 , 4.4 , 2.4 ,,,,,,,,,
"Fri, 30/08/24", 0.9 , 5.3 , 1.9 , 1.9 , 3.3 , 1.4 , 1.7 , 3.5 , 2.4 ,,,,,,,,,
"Sat, 31/08/24", 1.2 , 4.3 , 1.9 , 1.8 , 2.8 , 1.0 , 1.5 , 3.4 , 2.4 ,,,,,,,,,
"Sun, 01/09/24", 1.1 , 5.1 , 1.6 , 1.9 , 2.0 , 1.0 , 1.3 , 3.8 , 2.6 ,,,,,,,,,
"Mon, 02/09/24", 1.4 , 8.7 , 2.0 , 2.6 , 3.4 , 3.6 , 2.8 , 5.4 , 2.2 ,,,,,,,,,
"Tue, 03/09/24", 1.8 , 15.0 , 2.8 , 4.2 , 5.2 , 4.1 , 2.4 , 6.2 , 2.7 ,,,,,,,,,
"Wed, 04/09/24", 1.1 , 11.0 , 2.1 , 2.6 , 4.4 , 4.2 , 2.4 , 7.9 , 2.3 ,,,,,,,,,
"Thu, 05/09/24", 2.0 , 12.7 , 1.8 , 2.1 , 3.4 , 2.6 , 2.0 , 5.6 , 2.9 ,,,,,,,,,
"Fri, 06/09/24", 1.6 , 6.4 , 1.8 , 2.1 , 3.6 , 2.7 , 2.4 , 3.9 , 2.8 ,,,,,,,,,
"Sat, 07/09/24", 1.7 , 4.7 , 1.9 , 2.0 , 2.3 , 1.0 , 1.7 , 3.6 , 3.0 ,,,,,,,,,
"Sun, 08/09/24", 1.2 , 6.4 , 1.6 , 2.4 , 2.1 , 1.0 , 2.3 , 3.9 , 3.1 ,,,,,,,,,
"Mon, 09/09/24", 1.2 , 12.8 , 1.7 , 2.8 , 3.0 , 2.8 , 3.2 , 3.8 , 2.6 ,,,,,,,,,
"Tue, 10/09/24", 1.7 , 14.7 , 2.6 , 6.4 , 3.1 , 1.9 , 4.4 , 4.2 , 3.2 ,,,,,,,,,
"Wed, 11/09/24", 1.3 , 14.6 , 2.0 , 4.0 , 3.6 , 4.1 , 3.8 , 5.0 , 2.9 ,,,,,,,,,
"Thu, 12/09/24", 1.9 , 11.3 , 2.5 , 3.7 , 2.2 , 3.5 , 2.9 , 4.1 , 2.7 ,,,,,,,,,
"Fri, 13/09/24", 1.7 , 9.8 , 2.0 , 2.5 , 2.8 , 2.2 , 2.7 , 3.5 , 2.8 ,,,,,,,,,
"Sat, 14/09/24", 0.7 , 22.8 , 1.5 , 1.7 , 2.2 , 1.4 , 2.2 , 3.1 , 2.6 ,,,,,,,,,
"Sun, 15/09/24", 1.1 , 5.4 , 1.7 , 2.2 , 1.9 , 1.0 , 1.7 , 3.5 , 2.6 ,,,,,,,,,
"Mon, 16/09/24", 1.6 , 2.8 , 1.9 , 3.3 , 3.0 , 3.0 , 2.7 , 3.6 , 2.9 ,,,,,,,,,
"Tue, 17/09/24", 1.6 , 14.0 , 2.9 , 5.6 , 3.7 , 3.3 , 3.5 , 3.9 , 2.7 ,,,,,,,,,
"Wed, 18/09/24", 1.2 , 15.4 , 2.0 , 4.7 , 3.4 , 4.0 , 3.8 , 3.5 , 2.7 ,,,,,,,,,
"Thu, 19/09/24", 1.2 , 11.0 , 2.5 , 3.5 , 3.2 , 2.7 , 2.7 , 3.6 , 2.8 ,,,,,,,,,
"Fri, 20/09/24", 1.6 , 5.2 , 2.4 , 3.2 , 2.3 , 1.6 , 1.8 , 3.5 , 2.7 ,,,,,,,,,
"Sat, 21/09/24", 1.5 , 4.5 , 1.6 , 1.7 , 2.2 , 1.2 , 1.8 , 3.3 , 2.4 ,,,,,,,,,
"Sun, 22/09/24", 1.1 , 13.6 , 1.4 , 2.1 , 1.8 , 1.5 , 1.9 , 3.3 , 2.9 ,,,,,,,,,
"Mon, 23/09/24", 1.7 , 4.3 , 2.5 , 4.9 , 2.6 , 2.5 , 3.0 , 4.4 , 3.1 ,,,,,,,,,
"Tue, 24/09/24", 1.5 , 9.3 , 2.9 , 4.6 , 5.4 , 2.9 , 4.1 , 4.3 , 2.9 ,,,,,,,,,
"Wed, 25/09/24", 1.2 , 11.5 , 3.0 , 5.7 , 5.3 , 3.1 , 3.9 , 4.0 , 2.7 ,,,,,,,,,
"Thu, 26/09/24", 1.5 , 9.4 , 2.1 , 2.7 , 4.2 , 3.2 , 4.1 , 4.5 , 2.6 ,,,,,,,,,
"Fri, 27/09/24", 1.1 , 17.1 , 1.9 , 2.1 , 2.2 , 2.3 , 2.3 , 3.5 , 2.4 ,,,,,,,,,
"Sat, 28/09/24", 1.1 , 0.7 , 1.7 , 2.0 , 2.2 , 1.4 , 2.6 , 3.6 , 2.7 ,,,,,,,,,
"Sun, 29/09/24", 0.9 , 1.2 , 1.3 , 2.3 , 2.3 , 1.0 , 2.4 , 3.2 , 2.9 ,,,,,,,,,
"Mon, 30/09/24", 1.4 , 3.0 , 2.5 , 5.0 , 3.9 , 2.4 , 2.9 , 3.6 , 3.2 ,,,,,,,,,
"Tue, 01/10/24", 1.5 , 4.8 , 2.7 , 8.4 , 4.1 , 3.7 , 6.3 , 4.1 , 3.1 ,,,,,,,,,
"Wed, 02/10/24", 1.6 , 4.0 , 2.1 , 4.0 , 2.9 , 2.9 , 8.7 , 4.1 , 2.8 ,,,,,,,,,
"Thu, 03/10/24", 1.5 , 2.6 , 1.6 , 3.7 , 2.3 , 3.2 , 5.6 , 3.8 , 2.6 ,,,,,,,,,
"Fri, 04/10/24", 1.5 , 1.4 , 1.9 , 1.9 , 2.5 , 1.5 , 2.3 , 3.6 , 2.5 ,,,,,,,,,
"Sat, 05/10/24", 1.3 , 1.3 , 1.7 , 1.5 , 1.7 , 1.0 , 2.0 , 3.7 , 2.5 ,,,,,,,,,
"Sun, 06/10/24", 1.2 , 1.8 , 1.6 , 2.0 , 1.9 , 0.9 , 2.0 , 3.3 , 2.5 ,,,,,,,,,
"Mon, 07/10/24", 1.5 , 8.0 , 2.2 , 5.2 , 3.2 , 2.0 , 2.8 , 5.0 , 2.7 ,,,,,,,,,
"Tue, 08/10/24", 1.9 , 9.7 , 2.4 , 5.3 , 2.5 , 2.2 , 2.6 , 4.4 , 2.7 ,,,,,,,,,
"Wed, 09/10/24", 1.9 , 6.3 , 2.7 , 2.1 , 3.4 , 3.1 , 2.5 , 4.2 , 2.5 ,,,,,,,,,
"Thu, 10/10/24", 1.6 , 17.1 , 3.0 , 1.9 , 2.7 , 2.4 , 3.4 , 4.3 , 2.8 ,,,,,,,,,
"Fri, 11/10/24", 0.9 , 11.1 , 1.8 , 1.7 , 2.7 , 1.4 , 2.2 , 3.5 , 2.5 ,,,,,,,,,
"Sat, 12/10/24", 1.5 , 7.9 , 1.8 , 1.9 , 2.4 , 1.0 , 1.8 , 3.6 , 2.8 ,,,,,,,,,
"Sun, 13/10/24", 1.2 , 7.4 , 1.4 , 1.7 , 2.1 , 0.9 , 1.9 , 4.0 , 2.7 ,,,,,,,,,
"Mon, 14/10/24", 1.6 , 20.0 , 2.3 , 2.6 , 2.5 , 2.0 , 4.1 , 5.3 , 2.7 ,,,,,,,,,
"Tue, 15/10/24", 1.5 , 18.5 , 3.2 , 5.4 , 2.9 , 2.8 , 4.6 , 5.4 , 2.9 ,,,,,,,,,
"Wed, 16/10/24", 1.7 , 15.6 , 2.5 , 2.6 , 2.7 , 4.9 , 3.7 , 5.6 , 2.6 ,,,,,,,,,
"Thu, 17/10/24", 1.2 , 11.2 , 2.5 , 1.6 , 2.6 , 2.6 , 2.7 , 5.2 , 2.9 ,,,,,,,,,
"Fri, 18/10/24", 1.6 , 5.1 , 2.1 , 1.7 , 2.3 , 2.0 , 2.3 , 4.7 , 2.8 ,,,,,,,,,
"Sat, 19/10/24", 0.9 , 5.7 , 1.5 , 1.4 , 2.0 , 2.1 , 1.6 , 3.8 , 2.6 ,,,,,,,,,
"Sun, 20/10/24", 1.5 , 5.8 , 1.4 , 1.7 , 2.3 , 1.4 , 1.9 , 3.4 , 2.7 ,,,,,,,,,
"Mon, 21/10/24", 1.0 , 15.0 , 2.2 , 1.7 , 2.9 , 3.6 , 2.1 , 4.5 , 2.8 ,,,,,,,,,
"Tue, 22/10/24", 1.2 , 16.7 , 3.1 , 2.0 , 3.7 , 8.1 , 5.3 , 5.7 , 3.0 ,,,,,,,,,
"Wed, 23/10/24", 1.2 , 19.6 , 5.4 , 3.3 , 3.5 , 7.6 , 5.5 , 5.3 , 2.9 ,,,,,,,,,
"Thu, 24/10/24", 1.6 , 14.3 , 2.6 , 2.5 , 3.8 , 7.1 , 4.4 , 5.6 , 2.6 ,,,,,,,,,
"Fri, 25/10/24", 1.6 , 8.7 , 2.5 , 3.6 , 3.8 , 4.8 , 6.5 , 5.2 , 3.2 ,,,,,,,,,
"Sat, 26/10/24", 1.1 , 4.9 , 1.9 , 2.1 , 2.7 , 2.9 , 3.7 , 4.7 , 2.5 ,,,,,,,,,
"Sun, 27/10/24", 1.1 , 10.9 , 1.6 , 2.0 , 1.9 , 2.5 , 3.3 , 6.6 , 3.0 ,,,,,,,,,
"Mon, 28/10/24", 1.3 , 14.8 , 2.5 , 2.7 , 4.1 , 4.4 , 5.0 , 9.6 , 3.0 ,,,,,,,,,
"Tue, 29/10/24", 2.3 , 18.7 , 3.8 , 4.4 , 4.9 , 7.0 , 6.5 , 7.9 , 3.0 ,,,,,,,,,
"Wed, 30/10/24", 1.7 , 10.9 , 3.7 , 2.8 , 3.8 , 7.0 , 4.5 , 6.2 , 2.6 ,,,,,,,,,
"Thu, 31/10/24", 0.9 , 11.7 , 2.1 , 2.1 , 2.6 , 5.1 , 2.3 , 4.3 , 2.4 ,,,,,,,,,
"Fri, 01/11/24", 1.9 , 17.2 , 4.6 , 2.7 , 3.7 , 3.7 , 2.3 , 4.9 , 2.6 ,,,,,,,,,
"Sat, 02/11/24", 1.6 , 15.1 , 3.0 , 2.3 , 3.3 , 4.5 , 2.1 , 4.8 , 2.8 ,,,,,,,,,
"Sun, 03/11/24", 1.4 , 7.7 , 2.0 , 2.2 , 2.9 , 2.1 , 2.4 , 4.9 , 2.5 ,,,,,,,,,
"Mon, 04/11/24", 1.3 , 20.5 , 2.9 , 2.8 , 2.7 , 7.6 , 3.9 , 7.8 , 3.4 ,,,,,,,,,
"Tue, 05/11/24", 1.5 , 11.3 , 4.9 , 3.1 , 4.3 , 10.1 , 3.7 , 7.5 , 3.1 ,,,,,,,,,
"Wed, 06/11/24", 1.8 , 8.0 , 3.8 , 2.7 , 5.6 , 7.7 , 3.0 , 5.1 , 2.6 ,,,,,,,,,
"Thu, 07/11/24", 1.5 , 4.7 , 2.2 , 3.0 , 3.8 , 7.4 , 2.5 , 4.8 , 2.9 ,,,,,,,,,
"Fri, 08/11/24", 1.5 , 5.9 , 1.6 , 2.1 , 4.2 , 3.5 , 1.9 , 4.4 , 3.1 ,,,,,,,,,
"Sat, 09/11/24", 1.2 , 6.5 , 2.3 , 2.0 , 3.5 , 2.4 , 1.4 , 3.4 , 2.9 ,,,,,,,,,
"Sun, 10/11/24", 1.6 , 6.8 , 1.4 , 2.0 , 2.7 , 2.1 , 1.6 , 3.3 , 2.4 ,,,,,,,,,
"Mon, 11/11/24", 1.3 , 9.9 , 2.4 , 2.5 , 4.0 , 7.6 , 2.3 , 4.2 , 3.2 ,,,,,,,,,
"Tue, 12/11/24", 1.0 , 12.6 , 2.2 , 4.5 , 3.7 , 11.9 , 2.5 , 4.3 , 3.0 ,,,,,,,,,
"Wed, 13/11/24", 1.1 , 18.0 , 2.0 , 3.3 , 3.8 , 7.1 , 2.4 , 4.8 , 2.9 ,,,,,,,,,
"Thu, 14/11/24", 1.3 , 9.2 , 2.0 , 2.2 , 3.5 , 9.2 , 2.0 , 4.4 , 2.9 ,,,,,,,,,
"Fri, 15/11/24", 1.8 , 6.4 , 2.1 , 2.1 , 3.1 , 4.2 , 2.2 , 4.4 , 2.6 ,,,,,,,,,
"Sat, 16/11/24", 1.4 , 3.3 , 1.9 , 1.4 , 3.6 , 2.1 , 1.6 , 3.8 , 3.3 ,,,,,,,,,
"Sun, 17/11/24", 1.4 , 6.1 , 2.2 , 1.9 , 2.2 , 2.6 , 1.8 , 4.0 , 2.8 ,,,,,,,,,
"Mon, 18/11/24", 1.8 , 16.5 , 2.3 , 3.0 , 2.3 , 4.1 , 2.5 , 5.9 , 2.9 ,,,,,,,,,
"Tue, 19/11/24", 1.3 , 15.6 , 2.9 , 2.9 , 3.6 , 4.2 , 2.2 , 5.1 , 3.0 ,,,,,,,,,
"Wed, 20/11/24", 1.8 , 13.8 , 3.2 , 2.3 , 5.1 , 4.1 , 2.3 , 5.6 , 3.0 ,,,,,,,,,
"Thu, 21/11/24", 1.8 , 16.6 , 2.5 , 2.1 , 4.0 , 2.7 , 1.9 , 5.4 , 2.9 ,,,,,,,,,
"Fri, 22/11/24", 1.2 , 7.2 , 3.3 , 2.3 , 2.8 , 2.9 , 1.9 , 5.1 , 2.9 ,,,,,,,,,
"Sat, 23/11/24", 1.4 , 1.9 , 2.2 , 2.0 , 2.3 , 2.1 , 1.6 , 4.0 , 2.5 ,,,,,,,,,
"Sun, 24/11/24", 0.5 , 3.7 , 2.1 , 1.8 , 2.8 , 2.4 , 1.5 , 3.8 , 3.3 ,,,,,,,,,
"Mon, 25/11/24", 1.3 , 15.0 , 3.4 , 2.9 , 4.6 , 5.1 , 2.7 , 6.0 , 3.2 ,,,,,,,,,
"Tue, 26/11/24", 1.5 , 15.6 , 4.8 , 3.2 , 5.5 , 5.9 , 2.9 , 9.1 , 4.8 ,,,,,,,,,
"Wed, 27/11/24", 1.2 , 17.1 , 3.2 , 2.5 , 3.3 , 6.2 , 3.1 , 8.2 , 3.0 ,,,,,,,,,
"Thu, 28/11/24", 1.2 , 12.9 , 3.1 , 2.3 , 3.8 , 3.6 , 3.3 , 7.7 , 2.9 ,,,,,,,,,
"Fri, 29/11/24", 1.5 , 11.2 , 2.5 , 2.4 , 3.8 , 3.4 , 2.4 , 4.8 , 2.5 ,,,,,,,,,
"Sat, 30/11/24", 1.7 , 9.6 , 2.4 , 1.7 , 2.8 , 2.6 , 1.9 , 4.6 , 2.7 ,,,,,,,,,
"Sun, 01/12/24", 1.3 , 4.8 , 3.3 , 2.0 , 2.3 , 5.1 , 1.9 , 4.8 , 2.7 ,,,,,,,,,
"Mon, 02/12/24", 1.7 , 14.1 , 6.2 , 3.8 , 3.8 , 10.9 , 3.9 , 7.3 , 3.3 ,,,,,,,,,
"Tue, 03/12/24", 1.4 , 17.9 , 7.4 , 4.0 , 5.9 , 7.4 , 4.6 , 6.6 , 3.3 ,,,,,,,,,
"Wed, 04/12/24", 1.2 , 15.8 , 5.0 , 2.6 , 4.8 , 8.4 , 4.0 , 6.5 , 3.8 ,,,,,,,,,
"Thu, 05/12/24", 1.8 , 21.2 , 3.4 , 3.4 , 4.5 , 4.9 , 3.0 , 7.3 , 3.2 ,,,,,,,,,
"Fri, 06/12/24", 1.4 , 14.4 , 3.1 , 2.1 , 4.7 , 5.4 , 2.3 , 6.9 , 3.0 ,,,,,,,,,
"Sat, 07/12/24", 1.6 , 11.7 , 3.1 , 2.3 , 4.4 , 2.2 , 2.1 , 5.1 , 2.6 ,,,,,,,,,
"Sun, 08/12/24", 1.4 , 13.3 , 3.0 , 3.1 , 3.1 , 3.5 , 2.4 , 5.1 , 4.0 ,,,,,,,,,
"Mon, 09/12/24", 1.8 , 19.5 , 5.2 , 7.7 , 3.2 , 5.9 , 3.9 , 7.8 , 3.1 ,,,,,,,,,
"Tue, 10/12/24", 1.7 , 22.2 , 10.5 , 4.9 , 4.7 , 6.2 , 8.6 , 6.8 , 4.1 ,,,,,,,,,
"Wed, 11/12/24", 1.7 , 10.8 , 5.8 , 2.5 , 7.1 , 4.8 , 3.9 , 5.2 , 3.5 ,,,,,,,,,
"Thu, 12/12/24", 1.2 , 19.9 , 3.8 , 2.8 , 3.4 , 3.2 , 4.7 , 5.4 , 3.3 ,,,,,,,,,
"Fri, 13/12/24", 1.2 , 17.8 , 2.8 , 2.2 , 4.6 , 4.1 , 3.1 , 3.8 , 2.7 ,,,,,,,,,
"Sat, 14/12/24", 1.1 , 9.8 , 2.3 , 1.8 , 4.4 , 2.0 , 2.2 , 4.0 , 2.6 ,,,,,,,,,
"Sun, 15/12/24", 1.6 , 10.7 , 1.7 , 1.8 , 4.8 , 1.9 , 2.2 , 3.7 , 2.7 ,,,,,,,,,
"Mon, 16/12/24", 2.1 , 18.2 , 3.0 , 3.0 , 5.6 , 4.1 , 6.3 , 7.5 , 3.5 ,,,,,,,,,
"Tue, 17/12/24", 2.5 , 21.6 , 4.7 , 3.9 , 6.3 , 3.8 , 5.6 , 7.6 , 3.8 ,,,,,,,,,
"Wed, 18/12/24", 2.0 , 17.5 , 4.1 , 2.8 , 5.6 , 4.8 , 4.5 , 6.4 , 3.0 ,,,,,,,,,
"Thu, 19/12/24", 2.2 , 6.8 , 4.5 , 1.9 , 3.0 , 3.4 , 5.4 , 4.5 , 3.0 ,,,,,,,,,
"Fri, 20/12/24", 1.4 , 6.7 , 3.6 , 2.0 , 3.4 , 1.5 , 3.0 , 4.2 , 2.4 ,,,,,,,,,
"Sat, 21/12/24", 1.6 , 5.1 , 2.3 , 1.9 , 2.3 , 1.2 , 2.3 , 4.2 , 2.3 ,,,,,,,,,
"Sun, 22/12/24", 1.3 , 7.4 , 3.9 , 2.0 , 2.8 , 1.4 , 2.2 , 3.8 , 2.9 ,,,,,,,,,
"Mon, 23/12/24", 1.3 , 13.5 , 3.1 , 3.3 , 3.8 , 3.1 , 3.1 , 5.3 , 2.5 ,,,,,,,,,
"Tue, 24/12/24", 1.2 , 7.5 , 6.2 , 2.9 , 3.3 , 1.1 , 4.3 , 4.7 , 3.3 ,,,,,,,,,
"Wed, 25/12/24", 1.1 , 5.3 , 4.5 , 2.2 , 2.8 , 0.9 , 2.9 , 3.2 , 2.2 ,,,,,,,,,
"Thu, 26/12/24", 1.6 , 15.3 , 4.7 , 2.2 , 3.5 , 2.7 , 2.8 , 3.8 , 2.5 ,,,,,,,,,
"Fri, 27/12/24", 1.4 , 10.5 , 5.5 , 3.1 , 4.3 , 2.3 , 3.0 , 4.5 , 3.4 ,,,,,,,,,
"Sat, 28/12/24", 1.3 , 8.3 , 3.9 , 2.7 , 5.4 , 1.3 , 2.7 , 3.6 , 2.6 ,,,,,,,,,
"Sun, 29/12/24", 1.0 , 7.8 , 1.9 , 2.8 , 6.7 , 1.3 , 2.6 , 4.0 , 3.0 ,,,,,,,,,
"Mon, 30/12/24", 1.2 , 18.5 , 2.7 , 7.6 , 6.7 , 2.6 , 5.2 , 5.4 , 3.2 ,,,,,,,,,
"Tue, 31/12/24", 1.4 , 13.3 , 2.1 , 3.9 , 3.7 , 1.5 , 3.1 , 4.5 , 2.8 ,,,,,,,,,
"Wed, 01/01/25", 2.5 , 6.6 , 1.7 , 3.0 , 2.5 , 0.9 , 1.7 , 3.4 , 2.6 ,,,,,,,,,
"Thu, 02/01/25", 1.7 , 17.1 , 3.6 , 5.2 , 3.0 , 2.2 , 3.5 , 4.8 , 2.7 ,,,,,,,,,
"Fri, 03/01/25", 1.1 , 15.3 , 2.3 , 4.7 , 4.9 , 2.3 , 4.1 , 6.1 , 2.9 ,,,,,,,,,
"Sat, 04/01/25", 1.7 , 15.1 , 2.3 , 3.1 , 5.0 , 1.7 , 2.1 , 5.2 , 3.0 ,,,,,,,,,
"Sun, 05/01/25", 1.6 , 7.5 , 2.1 , 5.0 , 2.7 , 2.8 , 2.7 , 5.6 , 3.1 ,,,,,,,,,
"Mon, 06/01/25", 2.2 , 23.3 , 3.8 , 16.6 , 5.3 , 5.5 , 6.4 , 9.1 , 4.2 ,,,,,,,,,
"Tue, 07/01/25", 1.1 , 22.6 , 9.6 , 8.2 , 8.3 , 9.4 , 10.3 , 13.8 , 4.9 ,,,,,,,,,
"Wed, 08/01/25", 1.6 , 18.5 , 4.2 , 4.9 , 5.3 , 5.9 , 11.4 , 7.6 , 3.5 ,,,,,,,,,
"Thu, 09/01/25", 1.7 , 20.1 , 5.8 , 2.5 , 6.9 , 10.7 , 4.2 , 5.3 , 3.6 ,,,,,,,,,
"Fri, 10/01/25", 1.2 , 17.8 , 2.6 , 2.9 , 6.1 , 3.9 , 3.1 , 4.7 , 3.9 ,,,,,,,,,
"Sat, 11/01/25", 1.4 , 7.0 , 2.0 , 1.9 , 3.8 , 2.4 , 1.6 , 4.3 , 2.3 ,,,,,,,,,
"Sun, 12/01/25", 1.4 , 8.0 , 1.9 , 2.1 , 3.6 , 2.7 , 2.1 , 4.7 , 3.1 ,,,,,,,,,
"Mon, 13/01/25", 1.6 , 10.5 , 3.4 , 2.8 , 4.6 , 5.1 , 2.7 , 5.7 , 3.1 ,,,,,,,,,
"Tue, 14/01/25", 1.6 , 13.8 , 2.8 , 3.2 , 6.4 , 3.8 , 2.7 , 4.4 , 2.8 ,,,,,,,,,
"Wed, 15/01/25", 2.0 , 14.5 , 3.4 , 3.0 , 6.1 , 6.7 , 2.2 , 3.9 , 2.5 ,,,,,,,,,
"Thu, 16/01/25", 1.1 , 18.0 , 3.0 , 5.2 , 3.4 , 5.8 , 1.8 , 4.4 , 2.9 ,,,,,,,,,
"Fri, 17/01/25", 1.3 , 13.2 , 2.5 , 3.2 , 3.7 , 5.0 , 1.9 , 5.0 , 2.7 ,,,,,,,,,
"Sat, 18/01/25", 1.6 , 10.8 , 2.2 , 2.1 , 3.4 , 1.9 , 1.8 , 3.6 , 2.6 ,,,,,,,,,
"Sun, 19/01/25", 1.4 , 8.1 , 2.2 , 2.9 , 3.1 , 2.0 , 2.1 , 4.4 , 2.7 ,,,,,,,,,
"Mon, 20/01/25", 1.5 , 13.4 , 4.0 , 5.3 , 4.7 , 3.3 , 2.8 , 8.8 , 3.4 ,,,,,,,,,
"Tue, 21/01/25", 1.3 , 16.4 , 8.9 , 11.0 , 5.0 , 6.2 , 4.6 , 12.6 , 3.3 ,,,,,,,,,
"Wed, 22/01/25", 1.4 , 16.5 , 4.1 , 6.6 , 5.0 , 2.8 , 3.7 , 8.5 , 2.5 ,,,,,,,,,
"Thu, 23/01/25", 1.1 , 17.0 , 3.3 , 4.1 , 5.9 , 2.7 , 2.8 , 7.1 , 2.7 ,,,,,,,,,
"Fri, 24/01/25", 1.4 , 7.9 , 2.6 , 2.2 , 5.4 , 2.1 , 2.5 , 5.0 , 2.9 ,,,,,,,,,
"Sat, 25/01/25", 0.8 , 7.2 , 2.4 , 1.7 , 3.0 , 1.3 , 1.6 , 4.3 , 2.5 ,,,,,,,,,
"Sun, 26/01/25", 1.0 , 4.1 , 2.1 , 1.6 , 2.1 , 0.9 , 1.6 , 4.4 , 2.7 ,,,,,,,,,
"Mon, 27/01/25", 0.8 , 14.2 , 2.6 , 3.4 , 3.1 , 2.1 , 2.2 , 4.8 , 2.6 ,,,,,,,,,
"Tue, 28/01/25", 0.9 , 6.5 , 1.8 , 1.8 , 2.8 , 1.0 , 1.5 , 4.5 , 2.7 ,,,,,,,,,
"Wed, 29/01/25", 1.1 , 1.3 , 2.2 , 1.5 , 1.8 , 0.9 , 1.5 , 4.0 , 2.6 ,,,,,,,,,
"Thu, 30/01/25", 1.2 , 3.0 , 2.0 , 2.3 , 1.9 , 0.9 , 1.8 , 3.9 , 2.5 ,,,,,,,,,
"Fri, 31/01/25", 0.9 , 4.7 , 2.7 , 2.5 , 2.4 , 1.5 , 2.3 , 4.7 , 3.0 ,,,,,,,,,
"Sat, 01/02/25", 0.8 , 4.8 , 3.3 , 2.7 , 3.2 , 1.6 , 1.7 , 6.0 , 4.6 ,,,,,,,,,
"Sun, 02/02/25", 0.8 , 3.4 , 2.8 , 2.8 , 2.7 , 2.7 , 2.4 , 5.1 , 5.8 ,,,,,,,,,
"Mon, 03/02/25", 1.8 , 12.7 , 4.4 , 4.0 , 4.7 , 4.3 , 3.5 , 10.8 , 4.5 ,,,,,,,,,
"Tue, 04/02/25", 2.7 , 13.8 , 8.5 , 6.2 , 5.6 , 6.3 , 9.0 , 14.4 , 5.1 ,,,,,,,,,
"Wed, 05/02/25", 1.8 , 18.7 , 11.4 , 6.8 , 7.3 , 3.7 , 9.3 , 11.9 , 3.7 ,,,,,,,,,
"Thu, 06/02/25", 1.4 , 13.3 , 7.1 , 5.7 , 6.1 , 8.0 , 6.3 , 10.8 , 3.5 ,,,,,,,,,
"Fri, 07/02/25", 1.4 , 18.3 , 7.5 , 4.3 , 6.3 , 5.7 , 7.1 , 9.1 , 3.3 ,,,,,,,,,
"Sat, 08/02/25", 0.9 , 9.7 , 6.9 , 2.9 , 5.4 , 2.2 , 5.1 , 6.7 , 2.6 ,,,,,,,,,
"Sun, 09/02/25", 1.4 , 13.4 , 4.6 , 3.2 , 3.5 , 3.0 , 4.4 , 5.0 , 3.4 ,,,,,,,,,
"Mon, 10/02/25", 1.5 , 17.9 , 10.4 , 6.0 , 6.9 , 4.0 , 10.9 , 14.2 , 3.9 ,,,,,,,,,
"Tue, 11/02/25", 1.7 , 25.1 , 16.2 , 10.0 , 9.3 , 7.5 , 12.6 , 10.5 , 5.0 ,,,,,,,,,
"Wed, 12/02/25", 1.7 , 14.0 , 9.1 , 4.2 , 7.3 , 4.6 , 11.4 , 9.7 , 3.3 ,,,,,,,,,
"Thu, 13/02/25", 1.1 , 14.5 , 3.9 , 4.2 , 9.4 , 11.5 , 6.0 , 4.9 , 2.5 ,,,,,,,,,
"Fri, 14/02/25", 2.0 , 8.2 , 3.0 , 2.4 , 8.3 , 6.9 , 3.7 , 5.5 , 3.0 ,,,,,,,,,
"Sat, 15/02/25", 1.6 , 12.5 , 2.0 , 2.8 , 6.4 , 3.4 , 1.8 , 3.9 , 2.5 ,,,,,,,,,
"Sun, 16/02/25", 1.2 , 6.4 , 2.7 , 2.0 , 7.2 , 5.2 , 2.6 , 5.5 , 3.3 ,,,,,,,,,
"Mon, 17/02/25", 1.1 , 17.3 , 4.2 , 5.2 , 5.8 , 6.9 , 5.5 , 7.0 , 2.8 ,,,,,,,,,
"Tue, 18/02/25", 1.0 , 18.6 , 5.7 , 7.2 , 6.6 , 8.9 , 11.9 , 10.5 , 3.7 ,,,,,,,,,
"Wed, 19/02/25", 2.3 , 9.4 , 5.6 , 3.4 , 6.0 , 10.8 , 7.3 , 8.0 , 3.4 ,,,,,,,,,
"Thu, 20/02/25", 1.2 , 11.5 , 4.2 , 3.1 , 6.9 , 7.1 , 5.4 , 5.3 , 2.6 ,,,,,,,,,
"Fri, 21/02/25", 1.1 , 10.7 , 2.7 , 2.1 , 6.9 , 6.1 , 4.9 , 5.4 , 3.3 ,,,,,,,,,
"Sat, 22/02/25", 1.5 , 9.0 , 2.2 , 1.8 , 4.8 , 2.3 , 3.0 , 4.4 , 2.3 ,,,,,,,,,
"Sun, 23/02/25", 1.1 , 8.2 , 2.0 , 2.0 , 4.8 , 3.4 , 3.7 , 5.8 , 2.7 ,,,,,,,,,
"Mon, 24/02/25", 1.5 , 7.1 , 4.1 , 4.2 , 5.7 , 9.4 , 4.6 , 5.1 , 3.3 ,,,,,,,,,
"Tue, 25/02/25", 0.8 , 13.8 , 7.3 , 4.4 , 7.3 , 13.8 , 5.9 , 7.1 , 3.4 ,,,,,,,,,
"Wed, 26/02/25", 1.5 , 10.3 , 4.5 , 6.7 , 5.2 , 8.1 , 9.3 , 4.9 , 2.9 ,,,,,,,,,
"Thu, 27/02/25", 1.4 , 15.3 , 3.3 , 6.6 , 4.3 , 10.7 , 7.2 , 4.9 , 2.7 ,,,,,,,,,
"Fri, 28/02/25", 1.8 , 10.6 , 2.0 , 2.3 , 6.2 , 6.7 , 4.2 , 4.0 , 3.1 ,,,,,,,,,
"Sat, 01/03/25", 1.3 , 13.8 , 1.9 , 2.2 , 4.5 , 4.7 , 2.5 , 3.7 , 2.9 ,,,,,,,,,
"Sun, 02/03/25", 1.5 , 4.5 , 1.7 , 3.0 , 3.0 , 7.6 , 2.2 , 3.7 , 3.0 ,,,,,,,,,
"Mon, 03/03/25", 1.4 , 17.0 , 2.5 , 10.0 , 6.0 , 6.7 , 3.9 , 5.9 , 3.4 ,,,,,,,,,
"Tue, 04/03/25", 1.0 , 16.0 , 3.9 , 14.4 , 6.2 , 5.9 , 5.1 , 7.4 , 2.8 ,,,,,,,,,
"Wed, 05/03/25", 1.3 , 19.9 , 5.8 , 10.8 , 6.5 , 7.8 , 5.4 , 7.3 , 2.8 ,,,,,,,,,
"Thu, 06/03/25", 1.6 , 7.0 , 2.3 , 3.9 , 6.0 , 4.9 , 4.8 , 6.5 , 2.9 ,,,,,,,,,
"Fri, 07/03/25", 1.1 , 15.1 , 1.9 , 2.1 , 5.3 , 2.3 , 3.1 , 5.3 , 3.0 ,,,,,,,,,
"Sat, 08/03/25", 0.6 , 9.3 , 1.7 , 1.6 , 2.9 , 1.4 , 2.4 , 4.5 , 2.4 ,,,,,,,,,
"Sun, 09/03/25", 1.2 , 9.4 , 2.0 , 1.5 , 2.7 , 2.0 , 2.2 , 4.9 , 2.7 ,,,,,,,,,
"Mon, 10/03/25", 1.5 , 14.8 , 2.2 , 2.8 , 3.7 , 3.3 , 3.3 , 5.6 , 2.8 ,,,,,,,,,
"Tue, 11/03/25", 0.9 , 14.5 , 3.9 , 3.0 , 4.2 , 3.0 , 6.2 , 5.2 , 2.6 ,,,,,,,,,
"Wed, 12/03/25", 0.8 , 15.1 , 2.8 , 4.0 , 7.3 , 2.0 , 10.9 , 5.1 , 2.2 ,,,,,,,,,
"Thu, 13/03/25", 1.4 , 8.3 , 2.1 , 2.9 , 5.7 , 2.3 , 9.5 , 5.2 , 2.5 ,,,,,,,,,
"Fri, 14/03/25", 1.6 , 2.9 , 1.8 , 1.8 , 5.2 , 2.3 , 7.0 , 4.5 , 2.6 ,,,,,,,,,
"Sat, 15/03/25", 1.4 , 1.6 , 1.8 , 1.7 , 3.5 , 1.7 , 3.0 , 3.5 , 2.4 ,,,,,,,,,
"Sun, 16/03/25", 1.0 , 2.2 , 1.9 , 1.9 , 2.4 , 1.2 , 2.9 , 3.8 , 2.5 ,,,,,,,,,
"Mon, 17/03/25", 1.3 , 5.1 , 2.8 , 4.0 , 4.0 , 1.5 , 4.2 , 5.7 , 2.6 ,,,,,,,,,
"Tue, 18/03/25", 1.1 , 4.4 , 4.2 , 3.6 , 5.2 , 1.7 , 5.2 , 7.6 , 3.3 ,,,,,,,,,
"Wed, 19/03/25", 1.3 , 7.1 , 2.4 , 2.1 , 3.0 , 1.6 , 5.5 , 6.7 , 2.6 ,,,,,,,,,
"Thu, 20/03/25", 1.1 , 5.2 , 2.0 , 2.5 , 4.3 , 1.7 , 4.6 , 3.8 , 2.6 ,,,,,,,,,
"Fri, 21/03/25", 0.8 , 9.5 , 2.0 , 1.5 , 3.7 , 1.0 , 3.8 , 3.8 , 2.3 ,,,,,,,,,
"Sat, 22/03/25", 1.0 , 2.2 , 1.9 , 1.6 , 2.4 , 1.0 , 2.7 , 3.4 , 2.7 ,,,,,,,,,
"Sun, 23/03/25", 1.6 , 2.4 , 2.3 , 1.5 , 2.5 , 0.8 , 1.6 , 3.6 , 3.0 ,,,,,,,,,
"Mon, 24/03/25", 1.5 , 6.2 , 2.8 , 1.9 , 3.0 , 1.3 , 2.4 , 4.4 , 3.1 ,,,,,,,,,
"Tue, 25/03/25", 1.5 , 7.4 , 3.5 , 1.9 , 4.3 , 2.4 , 2.9 , 6.6 , 3.7 ,,,,,,,,,
"Wed, 26/03/25", 1.1 , 8.8 , 2.1 , 1.8 , 4.7 , 2.2 , 1.7 , 5.0 , 2.5 ,,,,,,,,,
"Thu, 27/03/25", 1.0 , 4.9 , 2.3 , 1.7 , 4.5 , 1.5 , 1.4 , 5.1 , 2.9 ,,,,,,,,,
"Fri, 28/03/25", 1.1 , 3.9 , 2.1 , 1.9 , 3.5 , 1.4 , 1.5 , 4.4 , 2.7 ,,,,,,,,,
"Sat, 29/03/25", 1.0 , 1.2 , 1.7 , 2.1 , 2.6 , 1.1 , 1.5 , 3.7 , 2.7 ,,,,,,,,,
"Sun, 30/03/25", 1.3 , 1.1 , 1.8 , 1.6 , 2.3 , 1.1 , 1.4 , 3.7 , 2.3 ,,,,,,,,,
"Mon, 31/03/25", 1.1 , 1.5 , 1.6 , 1.7 , 2.5 , 1.2 , 1.5 , 3.9 , 2.7 ,,,,,,,,,
"Tue, 01/04/25", 1.5 , 3.6 , 2.3 , 3.2 , 4.3 , 4.3 , 2.4 , 5.7 , 2.7 ,,,,,,,,,
"Wed, 02/04/25", 0.6 , 9.2 , 3.0 , 4.2 , 6.2 , 8.4 , 3.1 , 7.1 , 2.8 ,,,,,,,,,
"Thu, 03/04/25", 1.4 , 7.5 , 2.4 , 2.8 , 5.3 , 8.4 , 2.3 , 7.6 , 3.2 ,,,,,,,,,
"Fri, 04/04/25", 1.5 , 6.1 , 2.7 , 1.9 , 6.9 , 4.1 , 2.1 , 4.0 , 2.6 ,,,,,,,,,
"Sat, 05/04/25", 1.0 , 2.7 , 1.9 , 2.0 , 4.2 , 2.0 , 1.6 , 4.0 , 2.5 ,,,,,,,,,
"Sun, 06/04/25", 1.0 , 4.6 , 1.6 , 2.3 , 3.0 , 3.5 , 2.0 , 4.0 , 2.3 ,,,,,,,,,
"Mon, 07/04/25", 1.2 , 4.1 , 3.4 , 3.0 , 4.6 , 11.0 , 2.8 , 7.3 , 2.9 ,,,,,,,,,
"Tue, 08/04/25", 1.2 , 4.5 , 4.5 , 5.4 , 4.9 , 4.7 , 3.5 , 8.2 , 2.7 ,,,,,,,,,
"Wed, 09/04/25", 1.3 , 2.8 , 2.5 , 5.0 , 5.9 , 5.1 , 3.4 , 7.9 , 3.0 ,,,,,,,,,
"Thu, 10/04/25", 1.2 , 4.6 , 3.2 , 3.6 , 5.6 , 4.8 , 2.7 , 7.1 , 2.6 ,,,,,,,,,
"Fri, 11/04/25", 1.4 , 5.4 , 2.9 , 2.1 , 5.5 , 2.4 , 2.6 , 7.5 , 2.4 ,,,,,,,,,
"Sat, 12/04/25", 1.3 , 3.5 , 2.9 , 2.2 , 3.9 , 2.1 , 2.6 , 5.2 , 2.8 ,,,,,,,,,
"Sun, 13/04/25", 1.3 , 6.0 , 3.3 , 2.4 , 3.4 , 1.5 , 2.3 , 5.1 , 3.0 ,,,,,,,,,
"Mon, 14/04/25", 1.2 , 7.4 , 3.9 , 4.5 , 3.3 , 5.0 , 3.9 , 8.1 , 2.7 ,,,,,,,,,
"Tue, 15/04/25", 1.5 , 17.1 , 7.1 , 6.7 , 5.9 , 5.0 , 6.4 , 13.1 , 2.9 ,,,,,,,,,
"Wed, 16/04/25", 1.1 , 7.1 , 5.1 , 6.3 , 4.1 , 4.1 , 5.1 , 7.0 , 2.8 ,,,,,,,,,
"Thu, 17/04/25", 1.0 , 6.5 , 2.3 , 2.9 , 5.3 , 2.6 , 6.3 , 6.4 , 2.9 ,,,,,,,,,
"Fri, 18/04/25", 0.4 , 4.6 , 2.8 , 2.7 , 3.3 , 1.5 , 5.3 , 4.1 , 2.6 ,,,,,,,,,
"Sat, 19/04/25", 1.8 , 2.6 , 2.8 , 2.1 , 2.4 , 1.4 , 1.9 , 3.5 , 2.1 ,,,,,,,,,
"Sun, 20/04/25", 1.5 , 6.9 , 2.1 , 3.5 , 2.7 , 3.5 , 2.3 , 3.9 , 2.4 ,,,,,,,,,
"Mon, 21/04/25", 1.3 , 13.4 , 3.9 , 6.6 , 3.9 , 5.2 , 5.2 , 8.2 , 3.8 ,,,,,,,,,
"Tue, 22/04/25", 1.3 , 15.4 , 9.3 , 8.7 , 6.2 , 6.9 , 7.0 , 7.7 , 4.4 ,,,,,,,,,
"Wed, 23/04/25", 1.3 , 13.3 , 6.6 , 4.2 , 3.9 , 4.0 , 6.1 , 4.0 , 3.0 ,,,,,,,,,
"Thu, 24/04/25", 1.4 , 5.5 , 5.5 , 3.2 , 4.0 , 2.8 , 5.5 , 4.5 , 2.6 ,,,,,,,,,
"Fri, 25/04/25", 0.9 , 7.0 , 4.8 , 2.7 , 3.9 , 2.5 , 3.1 , 5.0 , 2.7 ,,,,,,,,,
"Sat, 26/04/25", 0.6 , 6.9 , 4.0 , 2.2 , 3.2 , 2.2 , 2.9 , 3.8 , 2.4 ,,,,,,,,,
"Sun, 27/04/25", 1.7 , 7.5 , 3.9 , 2.0 , 3.7 , 1.8 , 2.6 , 3.6 , 2.9 ,,,,,,,,,
"Mon, 28/04/25", 0.9 , 20.0 , 5.4 , 3.1 , 5.8 , 5.1 , 6.7 , 4.9 , 2.9 ,,,,,,,,,
"Tue, 29/04/25", 1.6 , 14.7 , 4.7 , 3.2 , 8.3 , 5.9 , 6.5 , 8.1 , 3.9 ,,,,,,,,,
"Wed, 30/04/25", 0.8 , 10.6 , 3.4 , 3.0 , 5.6 , 1.9 , 6.8 , 5.1 , 3.6 ,,,,,,,,,
"Thu, 01/05/25", 1.4 , 7.3 , 2.3 , 1.8 , 7.1 , 1.4 , 4.5 , 3.8 , 2.9 ,,,,,,,,,
"Fri, 02/05/25", 1.4 , 4.7 , 2.8 , 2.1 , 3.7 , 2.5 , 3.5 , 4.4 , 2.8 ,,,,,,,,,
"Sat, 03/05/25", 1.2 , 4.5 , 2.2 , 2.0 , 2.5 , 1.5 , 2.7 , 4.1 , 3.2 ,,,,,,,,,
"Sun, 04/05/25", 1.3 , 4.0 , 2.7 , 1.9 , 2.8 , 1.0 , 3.0 , 4.5 , 3.9 ,,,,,,,,,
"Mon, 05/05/25", 2.1 , 10.5 , 5.4 , 4.4 , 5.0 , 3.3 , 6.0 , 5.1 , 3.3 ,,,,,,,,,
"Tue, 06/05/25", 1.3 , 17.4 , 7.0 , 4.5 , 7.1 , 2.7 , 17.3 , 7.9 , 4.7 ,,,,,,,,,
"Wed, 07/05/25", 1.0 , 16.9 , 5.9 , 2.6 , 6.2 , 4.7 , 16.9 , 9.1 , 4.5 ,,,,,,,,,
"Thu, 08/05/25", 1.5 , 14.9 , 5.7 , 4.1 , 4.2 , 2.4 , 11.5 , 6.4 , 4.8 ,,,,,,,,,
"Fri, 09/05/25", 0.8 , 10.2 , 6.9 , 3.0 , 4.6 , 3.5 , 7.0 , 5.7 , 6.8 ,,,,,,,,,
"Sat, 10/05/25", 1.5 , 7.8 , 3.0 , 2.5 , 3.1 , 1.6 , 5.5 , 4.8 , 3.4 ,,,,,,,,,
"Sun, 11/05/25", 1.1 , 13.6 , 2.3 , 2.5 , 2.6 , 1.4 , 3.0 , 3.6 , 3.0 ,,,,,,,,,
"Mon, 12/05/25", 1.2 , 10.1 , 3.5 , 3.1 , 3.9 , 1.8 , 5.0 , 4.6 , 3.7 ,,,,,,,,,
"Tue, 13/05/25", 1.3 , 24.1 , 13.2 , 3.9 , 3.5 , 5.4 , 5.3 , 10.3 , 4.3 ,,,,,,,,,
"Wed, 14/05/25", 2.8 , 19.9 , 15.9 , 4.3 , 4.6 , 6.8 , 14.6 , 9.8 , 4.6 ,,,,,,,,,
"Thu, 15/05/25", 1.6 , 10.4 , 3.8 , 4.4 , 3.3 , 6.4 , 7.5 , 6.7 , 4.9 ,,,,,,,,,
"Fri, 16/05/25", 1.1 , 7.9 , 2.6 , 3.4 , 2.9 , 3.5 , 12.9 , 7.6 , 4.3 ,,,,,,,,,
"Sat, 17/05/25", 1.5 , 3.3 , 1.7 , 2.0 , 2.5 , 2.3 , 7.2 , 4.3 , 2.8 ,,,,,,,,,
"Sun, 18/05/25", 1.4 , 2.4 , 2.0 , 3.5 , 2.9 , 2.6 , 8.1 , 4.6 , 2.6 ,,,,,,,,,
"Mon, 19/05/25", 1.2 , 5.9 , 2.3 , 3.7 , 2.9 , 5.6 , 13.0 , 9.7 , 3.7 ,,,,,,,,,
"Tue, 20/05/25", 1.1 , 4.7 , 2.4 , 9.5 , 3.4 , 3.6 , 12.4 , 11.6 , 5.6 ,,,,,,,,,
"Wed, 21/05/25", 1.7 , 7.5 , 2.6 , 5.3 , 2.9 , 2.4 , 13.1 , 10.2 , 4.9 ,,,,,,,,,
"Thu, 22/05/25", 1.3 , 6.9 , 2.4 , 2.8 , 4.4 , 15.0 , 7.1 , 6.4 , 4.3 ,,,,,,,,,
"Fri, 23/05/25", 1.2 , 3.7 , 2.7 , 4.7 , 4.9 , 2.8 , 6.8 , 5.0 , 3.4 ,,,,,,,,,
"Sat, 24/05/25", 1.6 , 1.1 , 2.4 , 2.7 , 3.4 , 2.8 , 7.2 , 5.3 , 3.0 ,,,,,,,,,
"Sun, 25/05/25", 1.3 , 3.0 , 2.3 , 1.9 , 4.3 , 6.8 , 9.6 , 5.3 , 4.2 ,,,,,,,,,
"Mon, 26/05/25", 1.3 , 5.3 , 3.3 , 2.6 , 6.2 , 16.5 , 16.1 , 10.2 , 4.0 ,,,,,,,,,
"Tue, 27/05/25", 1.4 , 6.8 , 3.2 , 2.9 , 5.6 , 6.8 , 19.0 , 13.6 , 3.7 ,,,,,,,,,
"Wed, 28/05/25", 1.9 , 4.4 , 3.3 , 2.4 , 7.3 , 6.8 , 14.3 , 10.9 , 4.3 ,,,,,,,,,
"Thu, 29/05/25", 1.5 , 2.9 , 2.5 , 2.0 , 6.4 , 3.5 , 8.1 , 8.7 , 4.2 ,,,,,,,,,
"Fri, 30/05/25", 1.3 , 3.1 , 2.7 , 1.6 , 4.6 , 3.9 , 5.1 , 7.0 , 2.7 ,,,,,,,,,
"Sat, 31/05/25", 0.8 , 1.3 , 2.7 , 1.8 , 5.1 , 2.4 , 2.9 , 6.2 , 2.7 ,,,,,,,,,
"Sun, 01/06/25", 1.4 , 1.9 , 2.5 , 1.8 , 3.4 , 3.8 , 3.1 , 6.6 , 2.7 ,,,,,,,,,
"Mon, 02/06/25", 1.0 , 6.4 , 2.5 , 2.7 , 6.5 , 6.9 , 5.4 , 10.0 , 3.3 ,,,,,,,,,
"Tue, 03/06/25", 1.4 , 7.6 , 3.4 , 3.6 , 6.8 , 16.5 , 10.0 , 16.6 , 6.0 ,,,,,,,,,
"Wed, 04/06/25", 1.4 , 6.9 , 3.7 , 2.1 , 5.4 , 19.9 , 9.9 , 12.0 , 4.1 ,,,,,,,,,
"Thu, 05/06/25", 1.2 , 2.0 , 3.1 , 3.4 , 5.4 , 9.1 , 9.2 , 14.4 , 3.3 ,,,,,,,,,
"Fri, 06/06/25", 1.0 , 2.4 , 2.8 , 1.8 , 5.7 , 4.7 , 14.3 , 4.5 , 2.7 ,,,,,,,,,
"Sat, 07/06/25", 1.0 , 1.3 , 2.0 , 1.8 , 2.7 , 1.7 , 5.3 , 4.1 , 2.6 ,,,,,,,,,
"Sun, 08/06/25", 0.8 , 1.8 , 2.1 , 2.6 , 2.4 , 1.5 , 3.7 , 4.3 , 2.9 ,,,,,,,,,
"Mon, 09/06/25", 1.2 , 4.2 , 2.6 , 3.7 , 5.0 , 3.9 , 8.5 , 6.2 , 3.0 ,,,,,,,,,
"Tue, 10/06/25", 0.9 , 5.8 , 2.7 , 2.8 , 8.8 , 4.8 , 8.5 , 9.6 , 5.2 ,,,,,,,,,
"Wed, 11/06/25", 0.9 , 4.7 , 2.0 , 2.8 , 7.7 , 4.0 , 8.3 , 8.7 , 6.4 ,,,,,,,,,
"Thu, 12/06/25", 1.2 , 2.5 , 2.9 , 2.7 , 6.0 , 3.4 , 5.7 , 6.4 , 3.6 ,,,,,,,,,
"Fri, 13/06/25", 1.4 , 0.8 , 2.0 , 1.9 , 4.7 , 4.2 , 8.2 , 8.1 , 4.0 ,,,,,,,,,
"Sat, 14/06/25", 1.0 , 0.8 , 1.8 , 2.0 , 4.5 , 1.7 , 5.9 , 5.9 , 3.4 ,,,,,,,,,
"Sun, 15/06/25", 1.5 , 1.1 , 2.4 , 2.3 , 2.6 , 2.6 , 4.5 , 6.0 , 3.7 ,,,,,,,,,
"Mon, 16/06/25", 1.2 , 3.2 , 3.3 , 3.1 , 6.5 , 6.4 , 10.5 , 7.5 , 7.4 ,,,,,,,,,
"Tue, 17/06/25", 1.1 , 4.5 , 3.3 , 3.3 , 5.9 , 6.3 , 18.4 , 8.5 , 5.5 ,,,,,,,,,
"Wed, 18/06/25", 0.8 , 3.7 , 2.6 , 2.0 , 6.6 , 8.8 , 20.8 , 9.0 , 2.7 ,,,,,,,,,
"Thu, 19/06/25", 1.2 , 3.0 , 2.2 , 1.7 , 7.8 , 6.2 , 7.1 , 6.7 , 3.1 ,,,,,,,,,
"Fri, 20/06/25", 1.2 , 1.6 , 2.1 , 1.6 , 6.0 , 3.5 , 5.7 , 5.5 , 3.0 ,,,,,,,,,
"Sat, 21/06/25", 1.0 , 0.8 , 1.6 , 1.7 , 2.9 , 1.6 , 4.0 , 3.8 , 3.0 ,,,,,,,,,
"Sun, 22/06/25", 0.7 , 1.0 , 1.5 , 1.8 , 3.0 , 7.3 , 3.2 , 4.2 , 3.2 ,,,,,,,,,
"Mon, 23/06/25", 1.0 , 1.5 , 2.0 , 1.6 , 4.9 , 7.8 , 9.9 , 8.2 , 3.1 ,,,,,,,,,
"Tue, 24/06/25", 1.2 , 1.7 , 2.2 , 2.5 , 5.5 , 9.7 , 10.6 , 9.0 , 2.5 ,,,,,,,,,
"Wed, 25/06/25", 1.3 , 2.7 , 2.8 , 2.3 , 6.1 , 10.2 , 8.0 , 7.9 , 3.2 ,,,,,,,,,
"Thu, 26/06/25", 1.4 , 1.7 , 2.1 , 1.9 , 4.5 , 7.7 , 9.9 , 4.5 , 2.5 ,,,,,,,,,
"Fri, 27/06/25", 1.1 , 1.9 , 2.3 , 2.0 , 6.0 , 5.8 , 4.7 , 4.2 , 2.9 ,,,,,,,,,
"Sat, 28/06/25", 1.4 , 0.9 , 1.8 , 1.5 , 5.2 , 2.9 , 9.2 , 3.9 , 2.7 ,,,,,,,,,
"Sun, 29/06/25", 1.2 , 1.2 , 1.8 , 1.6 , 5.2 , 2.0 , 5.4 , 3.9 , 3.0 ,,,,,,,,,
"Mon, 30/06/25", 1.2 , 3.7 , 2.5 , 2.3 , 6.4 , 6.3 , 6.9 , 5.5 , 3.1 ,,,,,,,,,
"Tue, 01/07/25", 1.7 , 6.8 , 2.7 , 2.2 , 9.4 , 7.6 , 15.1 , 5.8 , 3.1 ,,,,,,,,,
"Wed, 02/07/25", 1.5 , 5.7 , 2.1 , 2.6 , 8.4 , 4.4 , 13.3 , 5.4 , 3.0 ,,,,,,,,,
"Thu, 03/07/25", 1.8 , 5.4 , 2.5 , 2.1 , 6.3 , 3.1 , 13.1 , 3.8 , 3.1 ,,,,,,,,,
"Fri, 04/07/25", 1.7 , 3.8 , 2.2 , 1.7 , 6.8 , 2.4 , 11.4 , 3.8 , 2.8 ,,,,,,,,,
"Sat, 05/07/25", 1.0 , 1.2 , 1.7 , 1.7 , 4.8 , 1.3 , 6.3 , 3.5 , 2.8 ,,,,,,,,,
"Sun, 06/07/25", 1.0 , 0.9 , 1.7 , 2.8 , 3.0 , 1.3 , 7.4 , 3.5 , 2.7 ,,,,,,,,,
"Mon, 07/07/25", 0.8 , 3.2 , 2.0 , 2.8 , 4.1 , 3.2 , 5.5 , 5.2 , 3.6 ,,,,,,,,,
"Tue, 08/07/25", 1.2 , 4.1 , 2.8 , 2.6 , 6.8 , 5.6 , 12.1 , 7.1 , 4.0 ,,,,,,,,,
"Wed, 09/07/25", 1.5 , 3.8 , 2.5 , 1.7 , 3.9 , 5.3 , 16.9 , 4.2 , 5.0 ,,,,,,,,,
"Thu, 10/07/25", 0.7 , 1.2 , 2.2 , 1.6 , 6.5 , 6.1 , 16.7 , 4.1 , 3.2 ,,,,,,,,,
"Fri, 11/07/25", 1.4 , 1.2 , 2.1 , 1.5 , 5.3 , 2.8 , 9.1 , 3.6 , 2.5 ,,,,,,,,,
"Sat, 12/07/25", 1.5 , 0.7 , 2.2 , 1.6 , 5.3 , 2.0 , 5.0 , 4.3 , 3.0 ,,,,,,,,,
"Sun, 13/07/25", 1.0 , 1.1 , 1.5 , 1.6 , 4.0 , 1.4 , 2.6 , 4.8 , 2.2 ,,,,,,,,,
"Mon, 14/07/25", 1.6 , 3.0 , 1.9 , 2.1 , 4.6 , 2.7 , 3.9 , 6.8 , 3.0 ,,,,,,,,,
"Tue, 15/07/25", 1.3 , 3.6 , 2.4 , 2.4 , 4.9 , 2.6 , 9.1 , 7.8 , 3.3 ,,,,,,,,,
"Wed, 16/07/25", 1.1 , 2.7 , 1.9 , 3.1 , 4.5 , 3.8 , 6.6 , 7.0 , 3.8 ,,,,,,,,,
"Thu, 17/07/25", 1.0 , 2.3 , 2.1 , 2.1 , 3.6 , 5.5 , 4.9 , 4.9 , 3.2 ,,,,,,,,,
"Fri, 18/07/25", 1.2 , 1.5 , 2.3 , 2.0 , 5.6 , 2.2 , 2.7 , 4.2 , 3.5 ,,,,,,,,,
"Sat, 19/07/25", 0.7 , 0.8 , 2.5 , 1.8 , 5.4 , 1.5 , 2.9 , 3.3 , 2.8 ,,,,,,,,,
"Sun, 20/07/25", 1.4 , 1.2 , 2.2 , 2.1 , 4.2 , 2.2 , 3.2 , 3.3 , 2.3 ,,,,,,,,,
"Mon, 21/07/25", 1.3 , 1.8 , 2.1 , 3.8 , 6.6 , 6.0 , 8.3 , 5.3 , 3.2 ,,,,,,,,,
"Tue, 22/07/25", 2.0 , 2.0 , 2.3 , 3.4 , 5.9 , 7.6 , 13.7 , 6.4 , 5.3 ,,,,,,,,,
"Wed, 23/07/25", 0.9 , 2.7 , 2.5 , 2.2 , 7.1 , 3.7 , 15.4 , 5.4 , 4.6 ,,,,,,,,,
"Thu, 24/07/25", 1.4 , 2.5 , 2.6 , 2.4 , 5.8 , 3.1 , 8.8 , 5.4 , 4.9 ,,,,,,,,,
"Fri, 25/07/25", 3.7 , 1.2 , 3.3 , 2.2 , 4.2 , 3.3 , 5.3 , 6.5 , 3.8 ,,,,,,,,,
"Sat, 26/07/25", 1.1 , 0.8 , 2.2 , 1.7 , 3.6 , 1.6 , 2.3 , 4.3 , 2.5 ,,,,,,,,,
"Sun, 27/07/25", 1.1 , 1.2 , 1.6 , 1.9 , 2.7 , 1.2 , 2.2 , 4.1 , 2.5 ,,,,,,,,,
"Mon, 28/07/25", 1.3 , 2.0 , 2.5 , 2.4 , 4.0 , 2.6 , 5.1 , 5.4 , 3.6 ,,,,,,,,,
"Tue, 29/07/25", 1.2 , 2.7 , 2.9 , 2.2 , 3.7 , 3.4 , 11.8 , 7.5 , 3.2 ,,,,,,,,,
"Wed, 30/07/25", 1.4 , 1.4 , 2.0 , 2.0 , 3.8 , 3.6 , 6.4 , 6.0 , 4.2 ,,,,,,,,,
"Thu, 31/07/25", 1.3 , 2.5 , 2.3 , 1.9 , 3.5 , 2.8 , 5.5 , 6.6 , 4.8 ,,,,,,,,,
"Fri, 01/08/25", 1.3 , 2.1 , 2.5 , 2.2 , 3.1 , 2.6 , 3.7 , 5.2 , 3.0 ,,,,,,,,,
"Sat, 02/08/25", 1.2 , 0.9 , 1.8 , 2.1 , 3.6 , 1.5 , 3.2 , 4.5 , 3.8 ,,,,,,,,,
"Sun, 03/08/25", 1.3 , 1.1 , 1.8 , 3.7 , 2.3 , 2.2 , 2.8 , 4.6 , 3.1 ,,,,,,,,,
"Mon, 04/08/25", 2.0 , 5.2 , 2.2 , 3.3 , 4.2 , 3.2 , 4.4 , 6.1 , 3.2 ,,,,,,,,,
"Tue, 05/08/25", 1.4 , 10.4 , 2.6 , 2.3 , 6.5 , 3.3 , 5.5 , 6.2 , 5.4 ,,,,,,,,,
"Wed, 06/08/25", 1.2 , 4.4 , 2.5 , 2.4 , 4.9 , 2.3 , 4.3 , 5.0 , 2.9 ,,,,,,,,,
"Thu, 07/08/25", 1.0 , 4.5 , 2.1 , 2.3 , 5.6 , 2.2 , 3.2 , 4.9 , 2.8 ,,,,,,,,,
"Fri, 08/08/25", 1.5 , 3.0 , 3.1 , 1.9 , 4.1 , 2.2 , 2.8 , 4.8 , 2.9 ,,,,,,,,,
"Sat, 09/08/25", 0.7 , 1.8 , 2.2 , 1.7 , 3.2 , 1.8 , 1.7 , 4.1 , 2.6 ,,,,,,,,,
"Sun, 10/08/25", 1.1 , 1.7 , 1.9 , 1.9 , 2.5 , 1.0 , 1.7 , 3.4 , 2.5 ,,,,,,,,,
"Mon, 11/08/25", 1.8 , 12.4 , 2.5 , 2.2 , 5.1 , 1.8 , 2.9 , 6.7 , 2.9 ,,,,,,,,,
"Tue, 12/08/25", 1.1 , 12.9 , 2.8 , 2.7 , 7.4 , 1.8 , 3.2 , 7.2 , 2.9 ,,,,,,,,,
"Wed, 13/08/25", 1.3 , 8.6 , 2.1 , 2.2 , 5.0 , 2.3 , 2.8 , 8.3 , 2.5 ,,,,,,,,,
"Thu, 14/08/25", 1.3 , 2.4 , 2.2 , 2.0 , 5.0 , 3.0 , 4.4 , 7.0 , 2.7 ,,,,,,,,,
"Fri, 15/08/25", 1.5 , 2.7 , 2.5 , 1.7 , 5.9 , 2.8 , 3.8 , 5.4 , 2.2 ,,,,,,,,,
"Sat, 16/08/25", 0.9 , 2.5 , 2.5 , 1.7 , 2.9 , 1.9 , 2.8 , 3.7 , 2.5 ,,,,,,,,,
"Sun, 17/08/25", 1.4 , 1.6 , 2.2 , 1.8 , 2.9 , 2.5 , 1.7 , 4.0 , 2.5 ,,,,,,,,,
"Mon, 18/08/25", 1.3 , 5.0 , 2.5 , 2.4 , 4.4 , 5.2 , 5.2 , 5.7 , 3.0 ,,,,,,,,,
"Tue, 19/08/25", 1.1 , 8.6 , 3.0 , 2.7 , 4.7 , 3.2 , 5.6 , 7.5 , 3.3 ,,,,,,,,,
"Wed, 20/08/25", 1.9 , 5.9 , 3.3 , 1.8 , 5.9 , 4.7 , 4.5 , 6.9 , 4.1 ,,,,,,,,,
"Thu, 21/08/25", 1.3 , 4.1 , 2.3 , 2.7 , 4.1 , 5.9 , 4.9 , 7.3 , 3.8 ,,,,,,,,,
"Fri, 22/08/25", 1.3 , 1.8 , 2.5 , 2.3 , 4.2 , 6.1 , 4.8 , 5.0 , 3.4 ,,,,,,,,,
"Sat, 23/08/25", 1.2 , 1.0 , 1.7 , 1.6 , 3.4 , 4.4 , 3.4 , 4.5 , 2.4 ,,,,,,,,,
"Sun, 24/08/25", 0.9 , 1.5 , 2.1 , 1.7 , 3.1 , 4.4 , 2.3 , 4.4 , 2.9 ,,,,,,,,,
"Mon, 25/08/25", 1.2 , 4.7 , 2.4 , 2.6 , 3.9 , 9.1 , 8.6 , 6.1 , 3.2 ,,,,,,,,,
"Tue, 26/08/25", 1.0 , 10.4 , 2.8 , 4.9 , 4.8 , 7.9 , 9.7 , 7.2 , 3.7 ,,,,,,,,,
"Wed, 27/08/25", 0.9 , 4.9 , 2.2 , 3.0 , 4.7 , 10.1 , 13.1 , 6.7 , 4.3 ,,,,,,,,,
"Thu, 28/08/25", 1.6 , 2.9 , 2.0 , 3.6 , 5.7 , 8.5 , 6.7 , 5.1 , 4.1 ,,,,,,,,,
"Fri, 29/08/25", 1.3 , 2.8 , 2.0 , 2.4 , 4.5 , 4.0 , 7.9 , 6.7 , 3.2 ,,,,,,,,,
"Sat, 30/08/25", 1.6 , 3.2 , 2.3 , 1.7 , 3.1 , 2.6 , 3.5 , 5.4 , 2.9 ,,,,,,,,,
"Sun, 31/08/25", 1.8 , 4.2 , 2.0 , 1.8 , 2.0 , 2.6 , 2.3 , 4.6 , 2.6 ,,,,,,,,,
"Mon, 01/09/25", 0.7 , 10.1 , 2.7 , 4.4 , 3.5 , 8.8 , 4.3 , 9.9 , 3.1 ,,,,,,,,,
"Tue, 02/09/25", 1.0 , 8.4 , 3.0 , 2.2 , 4.4 , 5.5 , 5.6 , 8.2 , 3.2 ,,,,,,,,,
"Wed, 03/09/25", 1.1 , 7.7 , 2.8 , 1.9 , 3.2 , 3.4 , 5.4 , 6.3 , 3.9 ,,,,,,,,,
"Thu, 04/09/25", 1.4 , 8.7 , 2.0 , 1.8 , 3.9 , 3.7 , 6.0 , 5.7 , 3.4 ,,,,,,,,,
"Fri, 05/09/25", 1.4 , 3.8 , 2.2 , 1.8 , 3.4 , 3.1 , 4.4 , 5.1 , 3.5 ,,,,,,,,,
"Sat, 06/09/25", 1.2 , 2.6 , 1.8 , 1.8 , 4.0 , 1.1 , 3.3 , 4.3 , 3.2 ,,,,,,,,,
"Sun, 07/09/25", 1.2 , 2.4 , 1.7 , 2.8 , 2.9 , 1.4 , 4.9 , 4.7 , 2.9 ,,,,,,,,,
"Mon, 08/09/25", 1.6 , 5.8 , 1.9 , 2.8 , 3.7 , 4.2 , 5.8 , 6.0 , 3.3 ,,,,,,,,,
"Tue, 09/09/25", 1.2 , 7.2 , 2.3 , 2.3 , 4.6 , 5.0 , 9.2 , 8.7 , 4.5 ,,,,,,,,,
"Wed, 10/09/25", 1.4 , 5.7 , 2.4 , 2.2 , 5.0 , 4.4 , 4.3 , 6.1 , 4.0 ,,,,,,,,,
"Thu, 11/09/25", 1.2 , 2.2 , 2.2 , 1.8 , 4.4 , 6.6 , 5.4 , 4.7 , 3.1 ,,,,,,,,,
"Fri, 12/09/25", 0.9 , 0.9 , 2.3 , 1.9 , 4.2 , 4.2 , 3.8 , 4.5 , 2.9 ,,,,,,,,,
"Sat, 13/09/25", 0.9 , 0.6 , 2.0 , 2.1 , 2.9 , 2.7 , 3.8 , 4.4 , 2.1 ,,,,,,,,,
"Sun, 14/09/25", 1.3 , 0.9 , 2.2 , 2.1 , 4.7 , 2.8 , 2.9 , 5.2 , 2.7 ,,,,,,,,,
"Mon, 15/09/25", 1.1 , 3.1 , 3.0 , 2.9 , 7.0 , 5.5 , 5.5 , 6.8 , 5.3 ,,,,,,,,,
"Tue, 16/09/25", 1.6 , 5.1 , 2.6 , 2.9 , 7.4 , 9.1 , 9.4 , 7.2 , 3.6 ,,,,,,,,,
"Wed, 17/09/25", 1.8 , 5.5 , 2.5 , 2.7 , 8.7 , 6.9 , 10.0 , 6.3 , 3.3 ,,,,,,,,,
"Thu, 18/09/25", 1.3 , 3.5 , 3.0 , 2.8 , 7.4 , 4.5 , 4.7 , 5.2 , 5.1 ,,,,,,,,,
"Fri, 19/09/25", 1.3 , 3.5 , 2.7 , 2.6 , 4.3 , 5.1 , 4.7 , 4.3 , 5.0 ,,,,,,,,,
"Sat, 20/09/25", 1.2 , 2.7 , 2.7 , 1.9 , 4.5 , 2.0 , 4.8 , 4.2 , 2.7 ,,,,,,,,,
"Sun, 21/09/25", 1.5 , 2.9 , 2.5 , 2.3 , 3.8 , 1.9 , 2.2 , 4.7 , 2.5 ,,,,,,,,,
"Mon, 22/09/25", 1.7 , 5.5 , 3.9 , 4.0 , 6.1 , 7.2 , 11.5 , 5.9 , 4.6 ,,,,,,,,,
"Tue, 23/09/25", 1.6 , 10.4 , 6.2 , 5.3 , 8.4 , 6.5 , 6.9 , 7.7 , 6.2 ,,,,,,,,,
"Wed, 24/09/25", 1.2 , 8.1 , 5.2 , 3.5 , 9.6 , 4.3 , 10.5 , 7.7 , 4.9 ,,,,,,,,,
"Thu, 25/09/25", 1.1 , 4.4 , 2.7 , 2.9 , 7.4 , 3.9 , 15.5 , 7.2 , 4.2 ,,,,,,,,,
"Fri, 26/09/25", 1.1 , 4.0 , 2.8 , 2.3 , 5.2 , 3.9 , 6.9 , 6.5 , 2.7 ,,,,,,,,,
"Sat, 27/09/25", 1.8 , 7.3 , 2.0 , 2.7 , 4.3 , 2.1 , 4.4 , 4.7 , 2.9 ,,,,,,,,,
"Sun, 28/09/25", 1.4 , 5.7 , 2.5 , 3.2 , 3.1 , 9.0 , 4.7 , 5.8 , 3.1 ,,,,,,,,,
"Mon, 29/09/25", 1.2 , 17.1 , 3.0 , 4.2 , 4.1 , 8.3 , 5.7 , 7.9 , 3.7 ,,,,,,,,,
"Tue, 30/09/25", 1.8 , 12.9 , 4.0 , 5.5 , 5.8 , 8.2 , 14.9 , 8.2 , 2.7 ,,,,,,,,,
"Wed, 01/10/25", 1.3 , 12.9 , 2.4 , 2.8 , 3.7 , 8.9 , 7.0 , 6.7 , 2.8 ,,,,,,,,,
"Thu, 02/10/25", 1.2 , 5.6 , 2.5 , 1.9 , 4.1 , 5.3 , 11.8 , 4.8 , 2.6 ,,,,,,,,,
"Fri, 03/10/25", 1.5 , 4.0 , 2.0 , 1.8 , 4.8 , 3.8 , 7.5 , 4.1 , 2.8 ,,,,,,,,,
"Sat, 04/10/25", 1.3 , 1.9 , 2.6 , 2.1 , 3.3 , 2.6 , 2.9 , 3.6 , 2.4 ,,,,,,,,,
"Sun, 05/10/25", 1.1 , 4.4 , 2.1 , 2.2 , 2.6 , 3.1 , 2.9 , 4.3 , 2.3 ,,,,,,,,,
"Mon, 06/10/25", 1.2 , 16.9 , 3.4 , 4.2 , 5.1 , 10.9 , 5.2 , 4.6 , 3.8 ,,,,,,,,,
"Tue, 07/10/25", 1.6 , 13.1 , 4.0 , 2.9 , 7.1 , 5.9 , 9.8 , 7.0 , 3.5 ,,,,,,,,,
"Wed, 08/10/25", 1.4 , 10.8 , 4.5 , 2.4 , 6.4 , 8.1 , 5.9 , 5.1 , 2.4 ,,,,,,,,,
"Thu, 09/10/25", 1.2 , 4.0 , 2.5 , 1.9 , 5.9 , 8.3 , 9.4 , 4.0 , 2.5 ,,,,,,,,,
"Fri, 10/10/25", 1.5 , 4.0 , 2.7 , 2.6 , 6.6 , 10.1 , 6.1 , 4.7 , 2.5 ,,,,,,,,,
"Sat, 11/10/25", 1.1 , 5.4 , 2.0 , 2.3 , 5.0 , 5.6 , 4.8 , 3.8 , 2.3 ,,,,,,,,,
"Sun, 12/10/25", 1.2 , 3.7 , 1.8 , 2.2 , 4.5 , 3.5 , 3.5 , 4.0 , 2.1 ,,,,,,,,,
"Mon, 13/10/25", 1.7 , 18.2 , 4.4 , 3.9 , 8.7 , 19.5 , 4.3 , 4.6 , 3.0 ,,,,,,,,,
"Tue, 14/10/25", 1.4 , 19.1 , 2.7 , 3.7 , 9.0 , 13.1 , 7.0 , 4.8 , 2.8 ,,,,,,,,,
"Wed, 15/10/25", 1.6 , 16.4 , 2.7 , 2.6 , 7.8 , 15.4 , 4.4 , 4.6 , 3.1 ,,,,,,,,,
"Thu, 16/10/25", 2.1 , 12.8 , 4.3 , 2.6 , 5.2 , 10.2 , 3.5 , 4.3 , 3.4 ,,,,,,,,,
"Fri, 17/10/25", 0.8 , 8.2 , 3.1 , 2.5 , 4.8 , 8.4 , 2.3 , 4.2 , 2.9 ,,,,,,,,,
"Sat, 18/10/25", 1.1 , 3.9 , 3.0 , 2.2 , 2.4 , 3.6 , 1.7 , 3.7 , 2.6 ,,,,,,,,,
"Sun, 19/10/25", 2.0 , 6.1 , 1.8 , 1.6 , 2.5 , 1.8 , 2.0 , 3.1 , 2.5 ,,,,,,,,,
"Mon, 20/10/25", 1.1 , 6.2 , 2.7 , 1.6 , 2.4 , 2.9 , 2.0 , 3.5 , 2.7 ,,,,,,,,,
"Tue, 21/10/25", 1.8 , 13.3 , 4.2 , 2.7 , 6.2 , 10.8 , 3.1 , 5.0 , 3.4 ,,,,,,,,,
"Wed, 22/10/25", 1.1 , 20.7 , 3.0 , 3.4 , 5.7 , 8.1 , 7.3 , 5.3 , 3.9 ,,,,,,,,,
"Thu, 23/10/25", 1.3 , 15.1 , 2.4 , 2.9 , 5.4 , 8.5 , 12.3 , 5.1 , 3.6 ,,,,,,,,,
"Fri, 24/10/25", 2.0 , 9.3 , 2.3 , 2.7 , 5.1 , 18.1 , 5.5 , 4.5 , 2.7 ,,,,,,,,,
"Sat, 25/10/25", 1.4 , 5.7 , 2.3 , 2.4 , 3.8 , 20.8 , 4.0 , 3.7 , 3.0 ,,,,,,,,,
"Sun, 26/10/25", 0.8 , 3.9 , 2.1 , 2.7 , 3.5 , 20.3 , 3.1 , 4.0 , 2.8 ,,,,,,,,,
"Mon, 27/10/25", 1.4 , 11.7 , 4.7 , 4.7 , 5.1 , 12.7 , 4.8 , 6.2 , 3.9 ,,,,,,,,,
"Tue, 28/10/25", 1.3 , 13.9 , 4.3 , 5.2 , 5.1 , 12.2 , 11.5 , 7.9 , 3.8 ,,,,,,,,,
"Wed, 29/10/25", 1.0 , 12.1 , 3.4 , 5.5 , 7.4 , 9.2 , 5.9 , 5.8 , 3.6 ,,,,,,,,,
"Thu, 30/10/25", 1.4 , 8.3 , 2.3 , 4.6 , 6.2 , 6.4 , 6.5 , 4.8 , 3.8 ,,,,,,,,,
"Fri, 31/10/25", 1.1 , 10.2 , 2.3 , 4.2 , 4.0 , 3.4 , 4.8 , 5.1 , 3.0 ,,,,,,,,,
"Sat, 01/11/25", 1.4 , 15.0 , 2.3 , 2.8 , 3.5 , 5.4 , 2.5 , 5.1 , 2.7 ,,,,,,,,,
"Sun, 02/11/25", 1.3 , 8.3 , 2.4 , 2.3 , 3.7 , 4.2 , 1.7 , 5.4 , 2.9 ,,,,,,,,,
"Mon, 03/11/25", 1.2 , 18.9 , 3.9 , 3.9 , 4.1 , 15.4 , 4.1 , 8.5 , 3.7 ,,,,,,,,,
"Tue, 04/11/25", 1.2 , 16.6 , 6.4 , 5.0 , 5.4 , 7.4 , 9.7 , 8.2 , 4.3 ,,,,,,,,,
"Wed, 05/11/25", 1.0 , 16.9 , 4.9 , 3.1 , 5.5 , 8.2 , 7.8 , 6.3 , 4.5 ,,,,,,,,,
"Thu, 06/11/25", 1.0 , 17.3 , 3.1 , 2.2 , 3.7 , 7.3 , 8.4 , 5.7 , 3.7 ,,,,,,,,,
"Fri, 07/11/25", 1.2 , 6.8 , 2.8 , 2.6 , 5.2 , 3.8 , 5.9 , 4.7 , 3.3 ,,,,,,,,,
"Sat, 08/11/25", 1.1 , 5.4 , 2.6 , 2.5 , 3.9 , 4.0 , 3.3 , 4.1 , 2.8 ,,,,,,,,,
"Sun, 09/11/25", 1.4 , 4.6 , 2.8 , 1.7 , 5.9 , 3.4 , 3.5 , 4.2 , 2.8 ,,,,,,,,,
"Mon, 10/11/25", 1.0 , 6.3 , 2.8 , 2.9 , 6.6 , 10.5 , 8.0 , 4.3 , 3.7 ,,,,,,,,,
"Tue, 11/11/25", 1.1 , 8.7 , 3.8 , 4.0 , 5.0 , 9.9 , 8.2 , 4.2 , 3.9 ,,,,,,,,,
"Wed, 12/11/25", 1.6 , 9.2 , 3.0 , 3.1 , 4.5 , 6.9 , 4.1 , 3.7 , 4.2 ,,,,,,,,,
"Thu, 13/11/25", 1.5 , 7.5 , 2.3 , 2.9 , 8.7 , 7.1 , 2.5 , 4.2 , 2.9 ,,,,,,,,,
"Fri, 14/11/25", 1.3 , 5.7 , 1.9 , 2.2 , 9.0 , 6.3 , 2.1 , 3.5 , 2.5 ,,,,,,,,,
"Sat, 15/11/25", 1.2 , 4.6 , 2.2 , 1.8 , 7.8 , 3.2 , 1.6 , 3.4 , 2.4 ,,,,,,,,,
"Sun, 16/11/25", 1.0 , 4.2 , 2.4 , 2.2 , 2.8 , 4.1 , 4.1 , 3.4 , 2.4 ,,,,,,,,,
"Mon, 17/11/25", 1.9 , 10.4 , 2.7 , 3.0 , 3.8 , 9.9 , 9.9 , 4.3 , 3.1 ,,,,,,,,,
"Tue, 18/11/25", 1.1 , 16.3 , 3.1 , 3.3 , 4.0 , 16.6 , 16.6 , 4.2 , 2.7 ,,,,,,,,,
"Wed, 19/11/25", 1.8 , 10.9 , 2.1 , 2.7 , 4.4 , 14.9 , 14.9 , 3.6 , 2.9 ,,,,,,,,,
"Thu, 20/11/25", 1.7 , 10.6 , 1.8 , 2.0 , 4.8 , 11.9 , 11.9 , 3.7 , 3.2 ,,,,,,,,,
"Fri, 21/11/25", 1.1 , 5.9 , 2.6 , 2.2 , 5.2 , 8.0 , 8.0 , 3.8 , 2.5 ,,,,,,,,,
"Sat, 22/11/25", 1.2 , 6.7 , 2.5 , 1.8 , 3.5 , 3.3 , 3.3 , 3.5 , 2.7 ,,,,,,,,,
"Sun, 23/11/25", 0.9 , 5.7 , 2.5 , 2.0 , 2.9 , 4.7 , 2.1 , 3.2 , 2.1 ,,,,,,,,,
"Mon, 24/11/25", 1.7 , 13.0 , 3.3 , 2.6 , 4.5 , 8.9 , 4.8 , 4.1 , 2.3 ,,,,,,,,,
"Tue, 25/11/25", 1.6 , 17.5 , 2.8 , 2.7 , 5.2 , 11.4 , 3.7 , 4.7 , 2.4 ,,,,,,,,,
"Wed, 26/11/25", 1.2 , 7.5 , 2.2 , 3.0 , 6.3 , 9.9 , 2.7 , 4.5 , 3.0 ,,,,,,,,,
"Thu, 27/11/25", 1.2 , 5.2 , 2.1 , 3.6 , 4.3 , 7.0 , 2.7 , 3.9 , 2.4 ,,,,,,,,,
"Fri, 28/11/25", 1.2 , 3.2 , 1.9 , 2.4 , 3.9 , 5.9 , 2.1 , 3.5 , 2.7 ,,,,,,,,,
"Sat, 29/11/25", 1.2 , 1.6 , 2.3 , 1.6 , 4.0 , 2.2 , 1.7 , 3.1 , 2.4 ,,,,,,,,,
"Sun, 30/11/25", 1.2 , 4.6 , 2.1 , 2.3 , 3.0 , 3.1 , 2.1 , 3.7 , 0.6 ,,,,,,,,,
"Mon, 01/12/25", 2.2 , 8.1 , 2.2 , 2.8 , 5.6 , 8.3 , 3.0 , 4.8 , 0.5 ,,,,,,,,,
"Tue, 02/12/25", 1.7 , 13.6 , 3.3 , 3.1 , 12.1 , 4.5 , 8.2 , 4.5 , 0.2 ,,,,,,,,,
"Wed, 03/12/25", 0.7 , 16.1 , 3.1 , 3.3 , 12.9 , 8.2 , 5.4 , 5.0 , 0.6 ,,,,,,,,,
"Thu, 04/12/25", 1.1 , 13.4 , 2.0 , 3.4 , 8.3 , 4.3 , 4.0 , 3.4 , 0.3 ,,,,,,,,,
"Fri, 05/12/25", 1.3 , 7.9 , 2.5 , 2.8 , 5.3 , 3.0 , 3.5 , 3.5 , 0.4 ,,,,,,,,,
"Sat, 06/12/25", 1.5 , 2.1 , 1.9 , 2.2 , 4.7 , 1.7 , 1.8 , 3.3 , 0.4 ,,,,,,,,,
"Sun, 07/12/25", 1.2 , 1.6 , 2.6 , 2.4 , 3.5 , 2.5 , 1.8 , 3.1 , 0.3 ,,,,,,,,,
"Mon, 08/12/25", 1.6 , 10.1 , 2.4 , 3.6 , 5.9 , 5.7 , 3.1 , 4.1 , 0.6 ,,,,,,,,,
"Tue, 09/12/25", 1.7 , 13.2 , 2.7 , 3.2 , 9.4 , 4.6 , 3.7 , 4.6 , 0.5 ,,,,,,,,,
"Wed, 10/12/25", 1.1 , 13.2 , 2.3 , 2.3 , 8.2 , 6.8 , 4.1 , 4.3 , 1.1 ,,,,,,,,,
"Thu, 11/12/25", 2.0 , 10.7 , 1.9 , 2.1 , 5.3 , 5.0 , 4.2 , 4.3 , 0.5 ,,,,,,,,,
"Fri, 12/12/25", 1.2 , 7.7 , 2.3 , 1.9 , 4.1 , 3.4 , 2.1 , 4.7 , 0.7 ,,,,,,,,,
"Sat, 13/12/25", 1.0 , 4.4 , 2.1 , 1.5 , 2.9 , 2.2 , 1.8 , 2.9 , 0.4 ,,,,,,,,,
"Sun, 14/12/25", 0.7 , 10.2 , 2.5 , 1.7 , 3.2 , 1.7 , 2.9 , 3.3 , 0.2 ,,,,,,,,,
"Mon, 15/12/25", 1.5 , 11.9 , 2.8 , 2.4 , 5.8 , 6.1 , 3.0 , 4.1 , 0.6 ,,,,,,,,,
"Tue, 16/12/25", 1.3 , 11.3 , 4.0 , 2.9 , 8.5 , 3.7 , 5.2 , 4.2 , 0.4 ,,,,,,,,,
"Wed, 17/12/25", 1.3 , 14.2 , 2.8 , 3.4 , 7.4 , 4.0 , 6.6 , 3.4 , 0.8 ,,,,,,,,,
"Thu, 18/12/25", 0.9 , 13.6 , 2.8 , 2.2 , 7.6 , 4.0 , 4.8 , 3.3 , 0.4 ,,,,,,,,,
"Fri, 19/12/25", 1.3 , 8.5 , 2.8 , 1.9 , 5.5 , 2.2 , 2.4 , 3.4 , 0.5 ,,,,,,,,,
"Sat, 20/12/25", 1.5 , 14.6 , 2.6 , 1.9 , 3.3 , 2.5 , 2.2 , 3.4 , 0.0 ,,,,,,,,,
"Sun, 21/12/25", 1.2 , 9.0 , 2.1 , 2.1 , 2.8 , 1.9 , 2.6 , 3.4 , 0.6 ,,,,,,,,,
"Mon, 22/12/25", 1.7 , 21.5 , 3.3 , 2.9 , 4.6 , 6.4 , 5.2 , 4.8 ,0.0,,,,,,,,,
"Tue, 23/12/25", 1.7 , 16.4 , 3.4 , 3.9 , 5.3 , 4.8 , 12.6 , 4.5 , 1.0 ,,,,,,,,,
"Wed, 24/12/25", 1.7 , 8.1 , 2.6 , 2.2 , 5.3 , 2.0 , 11.3 , 3.6 , 0.3 ,,,,,,,,,
"Thu, 25/12/25", 1.2 , 3.5 , 2.4 , 1.9 , 4.2 , 2.4 , 3.5 , 2.8 , 0.4 ,,,,,,,,,
"Fri, 26/12/25", 1.3 , 5.3 , 2.2 , 2.4 , 5.1 , 7.1 , 6.1 , 4.9 , 0.7 ,,,,,,,,,
"Sat, 27/12/25", 1.1 , 5.7 , 2.1 , 1.9 , 4.5 , 3.6 , 10.3 , 3.8 , 0.4 ,,,,,,,,,
"Sun, 28/12/25", 1.4 , 6.0 , 2.7 , 1.7 , 3.4 , 10.6 , 18.2 , 4.1 , 0.6 ,,,,,,,,,
"Mon, 29/12/25", 1.5 , 14.6 , 6.3 , 3.1 , 7.4 , 8.6 , 14.9 , 6.9 ,0.0,,,,,,,,,
"Tue, 30/12/25", 1.6 , 14.0 , 3.3 , 2.6 , 9.1 , 4.3 , 8.5 , 5.6 , 0.8 ,,,,,,,,,
"Wed, 31/12/25", 1.5 , 4.6 , 2.6 , 1.8 , 5.4 , 1.5 , 4.5 , 4.2 , 0.4 ,,,,,,,,,
"Thu, 01/01/26", 0.9 , 1.9 , 1.9 , 1.9 , 3.0 , 1.2 , 3.0 , 3.3 , 0.5 ,,,,,,,,,
"Fri, 02/01/26", 1.3 , 7.9 , 2.3 , 2.6 , 3.4 , 4.9 , 5.4 , 4.2 , 0.2 ,,,,,,,,,
"Sat, 03/01/26", 1.4 , 7.2 , 2.1 , 1.8 , 3.9 , 2.4 , 5.5 , 3.8 , 0.2 ,,,,,,,,,
"Sun, 04/01/26", 1.0 , 13.9 , 3.4 , 1.5 , 3.7 , 2.5 , 6.0 , 4.1 , 0.2 ,,,,,,,,,
"Mon, 05/01/26", 2.1 , 19.2 , 5.8 , 3.2 , 7.2 , 9.4 , 8.8 , 5.0 , 0.2 ,,,,,,,,,
"Tue, 06/01/26", 1.3 , 18.7 , 6.3 , 4.2 , 13.0 , 17.4 , 18.6 , 6.8 , 0.7 ,,,,,,,,,
"Wed, 07/01/26", 1.4 , 9.1 , 4.3 , 3.8 , 9.0 , 13.0 , 14.7 , 4.5 , 0.7 ,,,,,,,,,
"Thu, 08/01/26", 1.4 , 9.5 , 2.8 , 2.7 , 7.3 , 11.9 , 9.4 , 3.9 , 0.7 ,,,,,,,,,
"Fri, 09/01/26", 1.4 , 4.0 , 3.5 , 1.8 , 5.3 , 5.3 , 5.0 , 4.2 , 0.6 ,,,,,,,,,
"Sat, 10/01/26", 1.2 , 2.6 , 2.0 , 1.6 , 3.7 , 2.6 , 3.8 , 3.6 , 0.5 ,,,,,,,,,
