Epi_Week,Date_Range,Week_Start,Week_End,dis_Dengue,dis_HFMD,dis_ARI,dis_Diarrhoea
1,1/1/2023 - 7/1/2023,2023-01-01,2023-01-07,279.0,9.555555555555555,2559.5555555555557,352.0
2,8/1/2023 - 14/1/2023,2023-01-08,2023-01-14,278.0,14.363636363636363,2400.181818181818,375.09090909090907
3,15/1/2023 - 21/1/2023,2023-01-15,2023-01-21,272.0,15.272727272727273,2404.5454545454545,382.3636363636364
4,22/1/2023 - 28/1/2023,2023-01-22,2023-01-28,186.0,20.857142857142858,2804.5714285714284,409.42857142857144
5,29/1/2023 - 4/2/2023,2023-01-29,2023-02-04,223.0,24.727272727272727,2795.4545454545455,406.90909090909093
6,5/2/2023 - 11/2/2023,2023-02-05,2023-02-11,218.0,24.545454545454547,2740.5454545454545,368.90909090909093
7,12/2/2023 - 18/2/2023,2023-02-12,2023-02-18,148.0,23.272727272727273,2589.818181818182,375.8181818181818
8,19/2/2023 - 25/2/2023,2023-02-19,2023-02-25,138.0,22.0,2694.3636363636365,384.54545454545456
9,26/2/2023 - 4/3/2023,2023-02-26,2023-03-04,111.0,28.545454545454547,2534.909090909091,345.09090909090907
10,5/3/2023 - 11/3/2023,2023-03-05,2023-03-11,119.0,22.363636363636363,2823.2727272727275,341.8181818181818
11,12/3/2023 - 18/3/2023,2023-03-12,2023-03-18,149.0,24.0,2592.181818181818,324.3636363636364
12,19/3/2023 - 25/3/2023,2023-03-19,2023-03-25,128.0,22.363636363636363,2768.7272727272725,387.09090909090907
13,26/3/2023 - 1/4/2023,2023-03-26,2023-04-01,108.0,21.818181818181817,2825.818181818182,367.09090909090907
14,2/4/2023 - 8/4/2023,2023-04-02,2023-04-08,116.0,27.333333333333332,3025.5555555555557,399.3333333333333
15,9/4/2023 - 15/4/2023,2023-04-09,2023-04-15,132.0,27.09090909090909,3115.090909090909,344.72727272727275
16,16/4/2023 - 22/4/2023,2023-04-16,2023-04-22,113.0,22.2,3025.2,370.6
17,23/4/2023 - 29/4/2023,2023-04-23,2023-04-29,128.0,21.454545454545453,2736.7272727272725,340.90909090909093
18,30/4/2023 - 6/5/2023,2023-04-30,2023-05-06,118.0,22.0,2779.1111111111113,341.1111111111111
19,7/5/2023 - 13/5/2023,2023-05-07,2023-05-13,100.0,29.272727272727273,2548.181818181818,328.54545454545456
20,14/5/2023 - 20/5/2023,2023-05-14,2023-05-20,121.0,31.636363636363637,2478.7272727272725,346.3636363636364
21,21/5/2023 - 27/5/2023,2023-05-21,2023-05-27,133.0,28.545454545454547,2300.181818181818,297.8181818181818
22,28/5/2023 - 3/6/2023,2023-05-28,2023-06-03,111.0,26.666666666666668,2145.1111111111113,311.1111111111111
23,4/6/2023 - 10/6/2023,2023-06-04,2023-06-10,162.0,24.181818181818183,1912.909090909091,294.0
24,11/6/2023 - 17/6/2023,2023-06-11,2023-06-17,270.0,18.727272727272727,1831.8181818181818,294.90909090909093
25,18/6/2023 - 24/6/2023,2023-06-18,2023-06-24,214.0,19.272727272727273,1885.2727272727273,304.3636363636364
26,25/6/2023 - 1/7/2023,2023-06-25,2023-07-01,271.0,25.77777777777778,2122.222222222222,368.22222222222223
27,2/7/2023 - 8/7/2023,2023-07-02,2023-07-08,235.0,21.454545454545453,2211.090909090909,402.72727272727275
28,9/7/2023 - 15/7/2023,2023-07-09,2023-07-15,208.0,22.727272727272727,2448.5454545454545,399.6363636363636
29,16/7/2023 - 22/7/2023,2023-07-16,2023-07-22,200.0,23.09090909090909,2645.2727272727275,377.09090909090907
30,23/7/2023 - 29/7/2023,2023-07-23,2023-07-29,214.0,24.181818181818183,2700.5454545454545,364.0
31,30/7/2023 - 5/8/2023,2023-07-30,2023-08-05,162.0,18.727272727272727,2476.0,355.09090909090907
32,6/8/2023 - 12/8/2023,2023-08-06,2023-08-12,196.0,23.333333333333332,2448.222222222222,389.3333333333333
33,13/8/2023 - 19/8/2023,2023-08-13,2023-08-19,192.0,16.363636363636363,2377.2727272727275,361.09090909090907
34,20/8/2023 - 26/8/2023,2023-08-20,2023-08-26,197.0,13.090909090909092,2451.6363636363635,374.72727272727275
35,27/8/2023 - 2/9/2023,2023-08-27,2023-09-02,213.0,20.666666666666668,2425.5555555555557,392.0
36,3/9/2023 - 9/9/2023,2023-09-03,2023-09-09,261.0,14.909090909090908,2212.0,333.27272727272725
37,10/9/2023 - 16/9/2023,2023-09-10,2023-09-16,330.0,16.90909090909091,2288.7272727272725,371.8181818181818
38,17/9/2023 - 23/9/2023,2023-09-17,2023-09-23,302.0,9.090909090909092,2335.818181818182,378.3636363636364
39,24/9/2023 - 30/9/2023,2023-09-24,2023-09-30,340.0,15.272727272727273,2416.5454545454545,373.6363636363636
40,1/10/2023 - 7/10/2023,2023-10-01,2023-10-07,263.0,15.272727272727273,2479.6363636363635,377.6363636363636
41,8/10/2023 - 14/10/2023,2023-10-08,2023-10-14,215.0,12.545454545454545,2507.818181818182,361.09090909090907
42,15/10/2023 - 21/10/2023,2023-10-15,2023-10-21,208.0,13.454545454545455,2446.181818181818,351.45454545454544
43,22/10/2023 - 28/10/2023,2023-10-22,2023-10-28,191.0,14.363636363636363,2395.6363636363635,362.72727272727275
44,29/10/2023 - 4/11/2023,2023-10-29,2023-11-04,152.0,13.818181818181818,2442.0,323.6363636363636
45,5/11/2023 - 11/11/2023,2023-11-05,2023-11-11,156.0,14.909090909090908,2326.181818181818,298.72727272727275
46,12/11/2023 - 18/11/2023,2023-11-12,2023-11-18,142.0,12.222222222222221,2499.777777777778,316.6666666666667
47,19/11/2023 - 25/11/2023,2023-11-19,2023-11-25,168.0,13.636363636363637,2662.7272727272725,302.1818181818182
48,26/11/2023 - 2/12/2023,2023-11-26,2023-12-02,142.0,12.909090909090908,2970.0,294.1818181818182
49,3/12/2023 - 9/12/2023,2023-12-03,2023-12-09,183.0,10.181818181818182,3590.0,285.45454545454544
50,10/12/2023 - 16/12/2023,2023-12-10,2023-12-16,211.0,11.272727272727273,3475.4545454545455,260.72727272727275
51,17/12/2023 - 23/12/2023,2023-12-17,2023-12-23,236.0,12.545454545454545,2853.4545454545455,271.8181818181818
52,24/12/2023 - 30/12/2023,2023-12-24,2023-12-30,275.0,15.777777777777779,2466.6666666666665,323.55555555555554
1,31/12/2023 - 6/1/2024,2023-12-31,2024-01-06,305.0,14.444444444444445,2549.1111111111113,349.1111111111111
2,7/1/2024 - 13/1/2024,2024-01-07,2024-01-13,394.0,11.636363636363637,2491.090909090909,364.0
3,14/1/2024 - 20/1/2024,2024-01-14,2024-01-20,409.0,21.636363636363637,2606.7272727272725,372.3636363636364
4,21/1/2024 - 27/1/2024,2024-01-21,2024-01-27,428.0,24.0,2653.818181818182,381.45454545454544
5,28/1/2024 - 3/2/2024,2024-01-28,2024-02-03,485.0,25.636363636363637,2660.3636363636365,356.3636363636364
6,4/2/2024 - 10/2/2024,2024-02-04,2024-02-10,514.0,28.22222222222222,2558.0,368.0
7,11/2/2024 - 17/2/2024,2024-02-11,2024-02-17,426.0,32.44444444444444,2566.222222222222,377.1111111111111
8,18/2/2024 - 24/2/2024,2024-02-18,2024-02-24,459.0,27.818181818181817,2446.3636363636365,389.6363636363636
9,25/2/2024 - 2/3/2024,2024-02-25,2024-03-02,368.0,25.454545454545453,2335.090909090909,368.1818181818182
10,3/3/2024 - 9/3/2024,2024-03-03,2024-03-09,365.0,29.454545454545453,2278.181818181818,361.27272727272725
11,10/3/2024 - 16/3/2024,2024-03-10,2024-03-16,329.0,27.636363636363637,2134.0,334.90909090909093
12,17/3/2024 - 23/3/2024,2024-03-17,2024-03-23,319.0,24.727272727272727,2273.6363636363635,376.0
13,24/3/2024 - 30/3/2024,2024-03-24,2024-03-30,347.0,27.333333333333332,2237.5555555555557,372.8888888888889
14,31/3/2024 - 6/4/2024,2024-03-31,2024-04-06,414.0,19.454545454545453,2144.7272727272725,394.1818181818182
15,7/4/2024 - 13/4/2024,2024-04-07,2024-04-13,305.0,25.555555555555557,2293.3333333333335,410.22222222222223
16,14/4/2024 - 20/4/2024,2024-04-14,2024-04-20,340.0,16.363636363636363,2468.3636363636365,382.0
17,21/4/2024 - 27/4/2024,2024-04-21,2024-04-27,335.0,22.181818181818183,2589.6363636363635,381.27272727272725
18,28/4/2024 - 4/5/2024,2024-04-28,2024-05-04,247.0,34.22222222222222,2856.8888888888887,426.0
19,5/5/2024 - 11/5/2024,2024-05-05,2024-05-11,323.0,33.27272727272727,2820.5454545454545,387.45454545454544
20,12/5/2024 - 18/5/2024,2024-05-12,2024-05-18,291.0,43.45454545454545,2882.7272727272725,398.54545454545456
21,19/5/2024 - 25/5/2024,2024-05-19,2024-05-25,287.0,50.0,3115.5555555555557,426.44444444444446
22,26/5/2024 - 1/6/2024,2024-05-26,2024-06-01,312.0,35.27272727272727,2592.0,354.0
23,2/6/2024 - 8/6/2024,2024-06-02,2024-06-08,332.0,24.90909090909091,2376.5454545454545,383.09090909090907
24,9/6/2024 - 15/6/2024,2024-06-09,2024-06-15,303.0,24.545454545454547,2178.3636363636365,390.3636363636364
25,16/6/2024 - 22/6/2024,2024-06-16,2024-06-22,296.0,28.666666666666668,2278.8888888888887,437.55555555555554
26,23/6/2024 - 29/6/2024,2024-06-23,2024-06-29,291.0,32.18181818181818,2377.090909090909,476.72727272727275
27,30/6/2024 - 6/7/2024,2024-06-30,2024-07-06,327.0,34.0,2449.090909090909,453.8181818181818
28,7/7/2024 - 13/7/2024,2024-07-07,2024-07-13,291.0,35.81818181818182,2700.909090909091,476.0
29,14/7/2024 - 20/7/2024,2024-07-14,2024-07-20,236.0,41.09090909090909,2718.5454545454545,457.8181818181818
30,21/7/2024 - 27/7/2024,2024-07-21,2024-07-27,309.0,43.27272727272727,2412.0,452.1818181818182
31,28/7/2024 - 3/8/2024,2024-07-28,2024-08-03,274.0,38.72727272727273,2242.3636363636365,458.3636363636364
32,4/8/2024 - 10/8/2024,2024-08-04,2024-08-10,218.0,42.0,2164.8888888888887,460.0
33,11/8/2024 - 17/8/2024,2024-08-11,2024-08-17,215.0,33.09090909090909,2284.909090909091,467.45454545454544
34,18/8/2024 - 24/8/2024,2024-08-18,2024-08-24,185.0,30.363636363636363,2391.4545454545455,458.90909090909093
35,25/8/2024 - 31/8/2024,2024-08-25,2024-08-31,179.0,30.727272727272727,2284.7272727272725,405.45454545454544
36,1/9/2024 - 7/9/2024,2024-09-01,2024-09-07,189.0,28.727272727272727,2129.818181818182,402.1818181818182
37,8/9/2024 - 14/9/2024,2024-09-08,2024-09-14,200.0,22.363636363636363,2358.3636363636365,481.45454545454544
38,15/9/2024 - 21/9/2024,2024-09-15,2024-09-21,182.0,25.818181818181817,2420.5454545454545,451.6363636363636
39,22/9/2024 - 28/9/2024,2024-09-22,2024-09-28,151.0,21.818181818181817,2415.4545454545455,493.27272727272725
40,29/9/2024 - 5/10/2024,2024-09-29,2024-10-05,155.0,20.727272727272727,2340.7272727272725,445.8181818181818
41,6/10/2024 - 12/10/2024,2024-10-06,2024-10-12,141.0,27.454545454545453,2537.2727272727275,438.1818181818182
42,13/10/2024 - 19/10/2024,2024-10-13,2024-10-19,101.0,27.454545454545453,2606.181818181818,435.6363636363636
43,20/10/2024 - 26/10/2024,2024-10-20,2024-10-26,118.0,26.727272727272727,2790.7272727272725,428.1818181818182
44,27/10/2024 - 2/11/2024,2024-10-27,2024-11-02,98.0,38.888888888888886,2740.6666666666665,414.22222222222223
45,3/11/2024 - 9/11/2024,2024-11-03,2024-11-09,112.0,30.363636363636363,2627.090909090909,438.3636363636364
46,10/11/2024 - 16/11/2024,2024-11-10,2024-11-16,109.0,26.727272727272727,2572.909090909091,409.09090909090907
47,17/11/2024 - 23/11/2024,2024-11-17,2024-11-23,110.0,24.90909090909091,2577.090909090909,390.3636363636364
48,24/11/2024 - 30/11/2024,2024-11-24,2024-11-30,92.0,25.636363636363637,2470.3636363636365,400.90909090909093
49,1/12/2024 - 7/12/2024,2024-12-01,2024-12-07,115.0,30.0,2609.2727272727275,392.54545454545456
50,8/12/2024 - 14/12/2024,2024-12-08,2024-12-14,102.0,22.727272727272727,2537.090909090909,407.45454545454544
51,15/12/2024 - 21/12/2024,2024-12-15,2024-12-21,103.0,24.545454545454547,2266.3636363636365,401.8181818181818
52,22/12/2024 - 28/12/2024,2024-12-22,2024-12-28,70.0,33.0,2796.25,493.75
1,29/12/2024 - 04/01/2025,2024-12-29,2025-01-04,97.0,27.75,2930.75,474.25
2,05/01/2025 - 11/01/2025,2025-01-05,2025-01-11,118.0,23.454545454545453,2871.2727272727275,416.1818181818182
3,12/01/2025 - 18/01/2025,2025-01-12,2025-01-18,98.0,24.363636363636363,2866.0,398.0
4,19/01/2025 - 25/01/2025,2025-01-19,2025-01-25,117.0,23.818181818181817,3044.5454545454545,434.72727272727275
5,26/01/2025 - 01/02/2025,2025-01-26,2025-02-01,54.0,37.333333333333336,3392.3333333333335,453.0
6,02/02/2025 - 08/02/2025,2025-02-02,2025-02-08,112.0,31.636363636363637,3381.090909090909,467.6363636363636
7,09/02/2025 - 15/02/2025,2025-02-09,2025-02-15,114.0,33.09090909090909,3046.3636363636365,442.3636363636364
8,16/02/2025 - 22/02/2025,2025-02-16,2025-02-22,71.0,31.09090909090909,2749.2727272727275,450.54545454545456
9,23/02/2025 - 01/03/2025,2025-02-23,2025-03-01,82.0,28.727272727272727,2616.909090909091,464.72727272727275
10,02/03/2025 - 08/03/2025,2025-03-02,2025-03-08,86.0,35.27272727272727,2542.0,438.0
11,09/03/2025 - 15/03/2025,2025-03-09,2025-03-15,72.0,39.45454545454545,2431.4545454545455,448.0
12,16/03/2025 - 22/03/2025,2025-03-16,2025-03-22,102.0,37.27272727272727,2179.090909090909,404.72727272727275
13,23/03/2025 - 29/03/2025,2025-03-23,2025-03-29,97.0,38.72727272727273,2424.3636363636365,484.1818181818182
14,30/03/2025 - 05/04/2025,2025-03-30,2025-04-05,0.0,0.0,0.0,0.0
15,06/04/2025 - 12/04/2025,2025-04-06,2025-04-12,0.0,0.0,0.0,0.0
16,13/04/2025 - 19/04/2025,2025-04-13,2025-04-19,0.0,0.0,0.0,0.0
17,20/04/2025 - 26/04/2025,2025-04-20,2025-04-26,0.0,0.0,0.0,0.0
18,27/04/2025 - 03/05/2025,2025-04-27,2025-05-03,0.0,0.0,0.0,0.0
19,04/05/2025 - 10/05/2025,2025-05-04,2025-05-10,0.0,0.0,0.0,0.0
20,11/05/2025 - 17/05/2025,2025-05-11,2025-05-17,0.0,0.0,0.0,0.0
21,18/05/2025 - 24/05/2025,2025-05-18,2025-05-24,0.0,0.0,0.0,0.0
22,25/05/2025 - 31/05/2025,2025-05-25,2025-05-31,0.0,0.0,0.0,0.0
23,01/06/2025 - 07/06/2025,2025-06-01,2025-06-07,0.0,0.0,0.0,0.0
24,08/06/2025 - 14/06/2025,2025-06-08,2025-06-14,0.0,0.0,0.0,0.0
25,15/06/2025 - 21/06/2025,2025-06-15,2025-06-21,0.0,0.0,0.0,0.0
26,22/06/2025 - 28/06/2025,2025-06-22,2025-06-28,0.0,0.0,0.0,0.0
27,29/06/2025 - 05/07/2025,2025-06-29,2025-07-05,0.0,0.0,0.0,0.0
28,06/07/2025 - 12/07/2025,2025-07-06,2025-07-12,0.0,0.0,0.0,0.0
29,13/07/2025 - 19/07/2025,2025-07-13,2025-07-19,0.0,0.0,0.0,0.0
30,20/07/2025 - 26/07/2025,2025-07-20,2025-07-26,0.0,0.0,0.0,0.0
31,27/07/2025 - 02/08/2025,2025-07-27,2025-08-02,0.0,0.0,0.0,0.0
32,03/08/2025 - 09/08/2025,2025-08-03,2025-08-09,0.0,0.0,0.0,0.0
33,10/08/2025 - 16/08/2025,2025-08-10,2025-08-16,0.0,0.0,0.0,0.0
34,17/08/2025 - 23/08/2025,2025-08-17,2025-08-23,0.0,0.0,0.0,0.0
35,24/08/2025 - 30/08/2025,2025-08-24,2025-08-30,0.0,0.0,0.0,0.0
36,31/08/2025 - 06/09/2025,2025-08-31,2025-09-06,0.0,0.0,0.0,0.0
37,07/09/2025 - 13/09/2025,2025-09-07,2025-09-13,0.0,0.0,0.0,0.0
38,14/09/2025 - 20/09/2025,2025-09-14,2025-09-20,0.0,0.0,0.0,0.0
39,21/09/2025 - 27/09/2025,2025-09-21,2025-09-27,0.0,0.0,0.0,0.0
40,28/09/2025 - 04/10/2025,2025-09-28,2025-10-04,0.0,0.0,0.0,0.0
41,05/10/2025 - 11/10/2025,2025-10-05,2025-10-11,0.0,0.0,0.0,0.0
42,12/10/2025 - 18/10/2025,2025-10-12,2025-10-18,0.0,0.0,0.0,0.0
43,19/10/2025 - 25/10/2025,2025-10-19,2025-10-25,0.0,0.0,0.0,0.0
44,26/10/2025 - 01/11/2025,2025-10-26,2025-11-01,0.0,0.0,0.0,0.0
45,02/11/2025 - 08/11/2025,2025-11-02,2025-11-08,0.0,0.0,0.0,0.0
46,09/11/2025 - 15/11/2025,2025-11-09,2025-11-15,0.0,0.0,0.0,0.0
47,16/11/2025 - 22/11/2025,2025-11-16,2025-11-22,0.0,0.0,0.0,0.0
48,23/11/2025 - 29/11/2025,2025-11-23,2025-11-29,0.0,0.0,0.0,0.0
49,30/11/2025 - 06/12/2025,2025-11-30,2025-12-06,0.0,0.0,0.0,0.0
50,07/12/2025 - 13/12/2025,2025-12-07,2025-12-13,0.0,0.0,0.0,0.0
51,14/12/2025 - 20/12/2025,2025-12-14,2025-12-20,0.0,0.0,0.0,0.0
52,21/12/2025 - 27/12/2025,2025-12-21,2025-12-27,0.0,0.0,0.0,0.0
53,28/12/2025 - 03/01/2026,2025-12-28,2026-01-03,0.0,0.0,0.0,0.0
1,04/01/2026 - 10/01/2026,2026-01-04,2026-01-10,52.0,14.909090909090908,2857.2727272727275,437.8181818181818
2,11/01/2026 - 17/01/2026,2026-01-11,2026-01-17,30.0,17.636363636363637,2937.818181818182,460.0
3,18/01/2026 - 24/01/2026,2026-01-18,2026-01-24,35.0,16.363636363636363,3092.5454545454545,470.54545454545456
4,25/01/2026 - 31/01/2026,2026-01-25,2026-01-31,31.0,16.0,3017.2727272727275,424.1818181818182
5,01/02/2026 - 07/02/2026,2026-02-01,2026-02-07,26.0,17.454545454545453,2991.818181818182,460.3636363636364
6,08/02/2026 - 14/02/2026,2026-02-08,2026-02-14,34.0,19.272727272727273,2835.4545454545455,436.72727272727275
7,15/02/2026 - 21/02/2026,2026-02-15,2026-02-21,23.0,19.0,3039.0,578.3333333333334
8,22/02/2026 - 28/02/2026,2026-02-22,2026-02-28,48.0,15.454545454545455,2804.7272727272725,527.6363636363636
9,01/03/2026 - 07/03/2026,2026-03-01,2026-03-07,42.0,18.727272727272727,2760.181818181818,479.27272727272725
10,08/03/2026 - 14/03/2026,2026-03-08,2026-03-14,22.0,18.90909090909091,2575.4545454545455,433.6363636363636
11,15/03/2026 - 21/03/2026,2026-03-15,2026-03-21,0.0,0.0,0.0,0.0
12,22/03/2026 - 28/03/2026,2026-03-22,2026-03-28,0.0,0.0,0.0,0.0
13,29/03/2026 - 04/04/2026,2026-03-29,2026-04-04,0.0,0.0,0.0,0.0
14,05/04/2026 - 11/04/2026,2026-04-05,2026-04-11,0.0,0.0,0.0,0.0
15,12/04/2026 - 18/04/2026,2026-04-12,2026-04-18,0.0,0.0,0.0,0.0
16,19/04/2026 - 25/04/2026,2026-04-19,2026-04-25,0.0,0.0,0.0,0.0
17,26/04/2026 - 02/05/2026,2026-04-26,2026-05-02,0.0,0.0,0.0,0.0
18,03/05/2026 - 09/05/2026,2026-05-03,2026-05-09,0.0,0.0,0.0,0.0
19,10/05/2026 - 16/05/2026,2026-05-10,2026-05-16,0.0,0.0,0.0,0.0
20,17/05/2026 - 23/05/2026,2026-05-17,2026-05-23,0.0,0.0,0.0,0.0
21,24/05/2026 - 30/05/2026,2026-05-24,2026-05-30,0.0,0.0,0.0,0.0
22,31/05/2026 - 06/06/2026,2026-05-31,2026-06-06,0.0,0.0,0.0,0.0
23,07/06/2026 - 13/06/2026,2026-06-07,2026-06-13,0.0,0.0,0.0,0.0
24,14/06/2026 - 20/06/2026,2026-06-14,2026-06-20,0.0,0.0,0.0,0.0
25,21/06/2026 - 27/06/2026,2026-06-21,2026-06-27,0.0,0.0,0.0,0.0
26,28/06/2026 - 04/07/2026,2026-06-28,2026-07-04,0.0,0.0,0.0,0.0
27,05/07/2026 - 11/07/2026,2026-07-05,2026-07-11,0.0,0.0,0.0,0.0
28,12/07/2026 - 18/07/2026,2026-07-12,2026-07-18,0.0,0.0,0.0,0.0
29,19/07/2026 - 25/07/2026,2026-07-19,2026-07-25,0.0,0.0,0.0,0.0
30,26/07/2026 - 01/08/2026,2026-07-26,2026-08-01,0.0,0.0,0.0,0.0
31,02/08/2026 - 08/08/2026,2026-08-02,2026-08-08,0.0,0.0,0.0,0.0
32,09/08/2026 - 15/08/2026,2026-08-09,2026-08-15,0.0,0.0,0.0,0.0
33,16/08/2026 - 22/08/2026,2026-08-16,2026-08-22,0.0,0.0,0.0,0.0
34,23/08/2026 - 29/08/2026,2026-08-23,2026-08-29,0.0,0.0,0.0,0.0
35,30/08/2026 - 05/09/2026,2026-08-30,2026-09-05,0.0,0.0,0.0,0.0
36,06/09/2026 - 12/09/2026,2026-09-06,2026-09-12,0.0,0.0,0.0,0.0
37,13/09/2026 - 19/09/2026,2026-09-13,2026-09-19,0.0,0.0,0.0,0.0
38,20/09/2026 - 26/09/2026,2026-09-20,2026-09-26,0.0,0.0,0.0,0.0
39,27/09/2026 - 03/10/2026,2026-09-27,2026-10-03,0.0,0.0,0.0,0.0
40,04/10/2026 - 10/10/2026,2026-10-04,2026-10-10,0.0,0.0,0.0,0.0
41,11/10/2026 - 17/10/2026,2026-10-11,2026-10-17,0.0,0.0,0.0,0.0
42,18/10/2026 - 24/10/2026,2026-10-18,2026-10-24,0.0,0.0,0.0,0.0
43,25/10/2026 - 31/10/2026,2026-10-25,2026-10-31,0.0,0.0,0.0,0.0
44,01/11/2026 - 07/11/2026,2026-11-01,2026-11-07,0.0,0.0,0.0,0.0
45,08/11/2026 - 14/11/2026,2026-11-08,2026-11-14,0.0,0.0,0.0,0.0
46,15/11/2026 - 21/11/2026,2026-11-15,2026-11-21,0.0,0.0,0.0,0.0
47,22/11/2026 - 28/11/2026,2026-11-22,2026-11-28,0.0,0.0,0.0,0.0
48,29/11/2026 - 05/12/2026,2026-11-29,2026-12-05,0.0,0.0,0.0,0.0
49,06/12/2026 - 12/12/2026,2026-12-06,2026-12-12,0.0,0.0,0.0,0.0
50,13/12/2026 - 19/12/2026,2026-12-13,2026-12-19,0.0,0.0,0.0,0.0
51,20/12/2026 - 26/12/2026,2026-12-20,2026-12-26,0.0,0.0,0.0,0.0
52,27/12/2026 - 02/01/2027,2026-12-27,2027-01-02,0.0,0.0,0.0,0.0
